Student_ID,Age,Gender,Year_of_Study,Attendance_Percentage,Average_Grade,Failed_Subjects,Assignments_Completed_Percentage,Engagement_Score,Study_Hours_Per_Day,Online_Learning_Hours_Per_Week,Family_Income_INR,Scholarship,Part_Time_Job,Financial_Stress_Score,Distance_From_College_KM,Internet_Access,Parental_Support,Extracurricular_Activities,Disciplinary_Issues,Dropout_Risk_Category,Dropout,Data_Source
STU0001,19,Male,1,91.8,60.7,1,38.7,62.6,4.5,5.3,35068.0,Yes,No,53.5,9.8,Average,Medium,Yes,No,Low,0,Synthetic
STU0002,23,Female,1,,63.2,0,82.9,68.6,2.4,2.7,31008.0,No,No,80.7,1.1,Average,Medium,No,No,Low,0,Synthetic
STU0003,21,Female,4,86.9,74.0,1,93.3,98.7,4.6,0.3,52299.0,No,Yes,53.7,9.0,Poor,Medium,Yes,No,Low,0,Synthetic
STU0004,20,Female,1,60.2,69.1,3,55.1,54.5,0.2,6.1,28535.0,Yes,No,55.8,5.9,Average,Medium,Yes,No,High,1,Synthetic
STU0005,18,Female,1,93.8,59.7,3,90.2,88.1,6.1,5.9,25538.0,Yes,No,56.1,14.0,Average,Low,Yes,No,Low,0,Synthetic
STU0006,18,Female,3,81.4,65.7,2,78.9,65.4,2.9,2.9,57742.0,No,No,70.1,6.8,Poor,High,No,No,Medium,1,Synthetic
STU0007,18,Female,2,73.2,69.1,1,100.0,79.6,4.4,4.2,27748.0,No,No,72.3,11.5,Good,High,Yes,No,Low,0,Synthetic
STU0008,22,Female,3,79.9,38.2,1,62.6,69.3,3.1,3.2,26001.0,No,No,55.5,6.6,Good,Medium,Yes,No,Medium,1,Synthetic
STU0009,20,Male,1,54.9,74.4,1,100.0,74.5,1.6,4.5,8919.0,No,No,72.9,10.3,Good,Medium,No,No,Medium,0,Synthetic
STU0010,21,Female,2,83.3,54.3,0,35.0,54.7,2.7,1.5,19759.0,Yes,No,38.8,16.8,Good,Low,No,No,Medium,0,Synthetic
STU0011,17,Male,1,64.6,51.9,0,72.1,63.5,0.2,1.2,22067.0,Yes,No,50.2,9.1,Average,High,No,No,Medium,0,Synthetic
STU0012,23,Other,1,60.4,44.4,1,,40.4,3.8,5.1,26005.0,Yes,No,55.6,4.9,Average,,No,No,High,1,Synthetic
STU0013,22,Female,4,58.2,42.9,2,100.0,56.0,3.1,5.4,23528.0,Yes,Yes,56.3,6.0,Average,High,No,No,High,1,Synthetic
STU0014,18,Male,1,92.5,49.0,0,73.3,78.4,2.5,2.5,60101.0,No,Yes,65.5,1.2,Poor,Medium,No,No,Medium,0,Synthetic
STU0015,18,Female,2,69.8,58.1,0,74.9,64.7,3.9,2.0,22852.0,No,No,42.9,13.1,Good,High,No,No,Low,1,Synthetic
STU0016,18,Female,2,97.9,95.3,2,86.0,98.6,2.9,5.8,23808.0,No,No,48.3,5.3,Average,Medium,Yes,No,Low,0,Synthetic
STU0017,19,Male,2,71.0,60.6,0,77.9,79.2,3.7,2.1,38128.0,,Yes,65.2,8.6,Good,Medium,No,No,Low,0,Synthetic
STU0018,20,Female,4,55.8,70.5,3,67.3,73.8,4.2,3.6,19095.0,No,Yes,70.1,1.0,Good,High,Yes,No,High,0,Synthetic
STU0019,19,Female,1,63.5,73.6,0,55.4,50.7,2.0,3.4,82727.0,No,No,37.7,7.2,Good,High,Yes,Yes,Low,0,Synthetic
STU0020,19,Male,3,94.1,69.8,0,81.0,76.6,1.5,0.6,54409.0,Yes,No,77.9,16.1,Average,Medium,No,No,Low,0,Synthetic
STU0021,20,Female,4,76.0,66.9,0,84.8,80.7,0.2,3.9,18410.0,No,No,75.0,9.2,Good,Medium,No,No,Low,0,Synthetic
STU0022,18,Male,3,70.9,51.3,0,90.5,76.3,3.0,3.7,61122.0,Yes,No,65.2,32.8,Average,High,No,No,Low,0,Synthetic
STU0023,19,Female,4,80.1,88.3,0,100.0,100.0,3.5,4.2,68531.0,Yes,No,47.0,5.3,Good,High,No,No,Low,0,Synthetic
STU0024,19,Female,1,84.5,93.3,0,38.9,63.9,0.8,3.8,18675.0,No,No,61.0,8.8,Good,High,No,No,Low,0,Synthetic
STU0025,20,Female,2,92.5,44.4,0,76.8,81.9,4.9,7.8,18440.0,No,No,61.2,7.8,Good,Low,No,No,Low,0,Synthetic
STU0026,21,Male,1,96.8,53.7,3,99.5,87.8,1.6,5.8,25019.0,Yes,Yes,76.1,13.2,Good,High,No,No,Medium,0,Synthetic
STU0027,18,Female,3,73.3,,0,75.8,58.3,0.2,3.6,16070.0,Yes,No,77.8,7.5,Poor,High,No,No,Medium,1,Synthetic
STU0028,20,Female,4,60.8,54.5,1,35.9,45.8,5.0,3.8,22787.0,No,No,63.3,5.0,Good,Medium,Yes,No,High,1,Synthetic
STU0029,20,Male,1,72.6,75.1,1,54.8,,0.2,7.0,28086.0,No,No,69.4,8.3,Poor,Medium,Yes,No,High,0,Synthetic
STU0030,18,Female,3,81.4,57.8,1,83.9,61.6,4.2,5.2,,No,Yes,68.1,9.3,Poor,High,No,No,Medium,0,Synthetic
STU0031,20,Male,1,65.5,98.3,0,83.3,65.0,3.9,1.0,36599.0,Yes,No,53.6,12.0,Poor,Low,Yes,No,Low,0,Synthetic
STU0032,18,Female,3,65.6,84.7,1,90.1,65.8,3.3,5.4,32263.0,Yes,No,58.0,9.3,Good,Medium,Yes,No,Low,0,Synthetic
STU0033,18,Male,2,82.5,71.0,2,63.9,74.6,2.0,6.0,26832.0,Yes,Yes,69.6,20.4,Poor,Medium,Yes,No,High,1,Synthetic
STU0034,23,Male,4,77.4,82.4,2,82.7,76.9,3.6,6.7,17047.0,Yes,No,46.7,27.0,Good,High,Yes,No,Low,0,Synthetic
STU0035,23,Male,3,78.4,83.5,2,61.0,68.9,4.4,2.7,48463.0,Yes,No,61.2,5.5,Good,Low,No,No,Low,0,Synthetic
STU0036,22,Female,2,68.1,60.1,0,82.7,66.1,1.3,2.6,47871.0,Yes,No,42.4,14.1,Good,High,No,No,Low,0,Synthetic
STU0037,19,Male,1,75.0,56.6,3,79.0,59.5,4.3,1.6,24930.0,No,No,76.3,12.1,Poor,High,No,No,High,1,Synthetic
STU0038,18,Female,1,66.0,69.1,0,63.2,62.3,4.2,4.1,19100.0,,No,,1.3,Good,High,No,No,Low,1,Synthetic
STU0039,21,Male,1,89.6,80.1,0,100.0,75.8,3.2,5.0,82369.0,No,No,33.7,17.9,Good,Medium,No,No,Low,0,Synthetic
STU0040,20,Male,1,91.5,69.9,2,47.3,79.1,2.0,2.5,40087.0,Yes,No,42.8,4.1,Good,Medium,No,Yes,Low,0,Synthetic
STU0041,18,Female,4,54.0,45.9,0,75.5,72.6,4.2,3.2,43540.0,No,Yes,55.4,4.0,Good,Medium,No,No,High,1,Synthetic
STU0042,20,Female,3,65.9,56.8,0,62.8,43.5,3.6,0.0,44586.0,Yes,No,54.0,9.1,Good,High,No,No,Low,0,Synthetic
STU0043,17,Male,2,58.5,,1,100.0,71.8,1.3,6.5,18065.0,No,No,75.7,11.7,Average,Medium,Yes,No,Medium,1,Synthetic
STU0044,22,Female,1,69.5,66.9,1,88.8,72.2,2.2,0.4,79834.0,Yes,Yes,45.9,11.4,Good,Medium,Yes,No,Low,0,Synthetic
STU0045,19,Female,4,76.9,95.6,1,66.3,77.4,4.0,4.2,28034.0,No,No,60.2,8.3,Poor,High,No,No,Low,0,Synthetic
STU0046,21,Female,3,59.2,48.6,1,73.0,68.9,3.0,4.0,55008.0,No,No,54.1,7.8,Average,Medium,No,No,Medium,1,Synthetic
STU0047,19,Male,1,66.0,75.1,1,100.0,76.9,4.4,3.6,78061.0,No,No,30.3,7.7,Poor,High,No,No,Low,1,Synthetic
STU0048,20,Male,3,64.9,88.8,2,61.0,70.0,2.3,3.6,36602.0,Yes,No,70.3,7.9,Good,Medium,No,No,Medium,0,Synthetic
STU0049,20,Female,2,80.7,99.8,0,46.2,98.2,1.3,1.5,18275.0,No,No,87.1,9.8,Average,High,Yes,No,Low,0,Synthetic
STU0050,18,Male,1,78.9,62.3,0,83.2,74.5,6.1,2.8,8881.0,No,Yes,57.1,14.4,Good,Medium,Yes,No,Low,0,Synthetic
STU0051,23,Female,2,68.6,74.9,0,83.6,89.9,0.3,5.4,34268.0,Yes,Yes,42.3,13.0,Good,Low,No,No,Low,0,Synthetic
STU0052,21,Female,2,80.3,76.0,1,90.0,86.4,2.1,6.0,40162.0,No,No,54.1,13.8,Average,Low,Yes,No,Low,0,Synthetic
STU0053,23,Female,1,70.9,70.7,3,90.1,73.1,3.2,2.7,25430.0,No,No,50.2,10.8,Average,High,No,No,Medium,0,Synthetic
STU0054,22,Female,4,74.5,66.6,1,100.0,75.3,4.3,0.4,37712.0,No,No,44.6,12.1,Average,High,No,No,Low,0,Synthetic
STU0055,20,Other,4,99.8,74.1,2,47.1,73.6,3.8,1.9,44347.0,No,No,40.4,9.1,Average,High,No,No,Low,0,Synthetic
STU0056,23,Male,3,95.4,32.5,0,56.3,53.8,6.3,7.2,60462.0,No,No,48.5,12.2,Good,Low,Yes,No,Low,0,Synthetic
STU0057,18,Female,2,61.1,77.5,2,89.9,69.2,2.6,2.1,30865.0,No,No,57.7,9.7,Average,Medium,No,Yes,Medium,0,Synthetic
STU0058,18,Male,2,88.8,69.8,1,58.1,69.0,1.5,3.3,34138.0,No,No,65.8,1.3,Good,High,No,No,Low,0,Synthetic
STU0059,18,Male,3,88.5,64.9,0,51.8,,2.5,6.3,31725.0,No,Yes,55.6,2.4,Good,High,No,No,Medium,0,Synthetic
STU0060,19,Female,2,63.1,96.7,3,100.0,100.0,2.3,2.4,35653.0,No,No,46.1,8.1,Average,Low,No,No,Low,0,Synthetic
STU0061,19,Female,1,88.6,,1,48.8,61.8,2.7,3.2,26393.0,No,No,64.2,2.9,Poor,Medium,No,No,Medium,1,Synthetic
STU0062,19,Other,2,98.0,62.4,0,71.7,81.8,1.3,5.1,26324.0,No,No,51.8,8.8,Good,High,Yes,No,Low,0,Synthetic
STU0063,22,Female,4,63.4,95.9,1,76.9,64.9,4.0,6.9,27251.0,Yes,No,,11.2,Good,High,No,No,Low,0,Synthetic
STU0064,19,Male,2,66.1,56.4,1,100.0,83.5,3.4,2.2,38141.0,No,No,39.7,11.8,Good,High,No,No,Low,0,Synthetic
STU0065,19,Male,1,91.2,60.3,0,44.4,51.8,0.9,6.3,21962.0,Yes,No,40.2,7.9,Good,Medium,Yes,No,Low,0,Synthetic
STU0066,20,Female,3,81.5,65.9,0,85.5,,4.3,2.9,,Yes,No,44.8,11.2,Average,Low,Yes,No,Low,0,Synthetic
STU0067,18,Male,1,85.2,79.8,0,62.0,74.8,1.6,1.7,94639.0,Yes,No,32.1,14.1,Average,Low,Yes,No,Low,0,Synthetic
STU0068,22,Male,1,82.4,70.9,0,89.3,80.4,1.0,4.0,57304.0,No,No,48.6,15.0,Average,,No,No,Low,0,Synthetic
STU0069,18,Male,1,83.1,49.9,2,61.7,63.2,2.9,1.2,20676.0,Yes,No,68.4,14.4,Average,Medium,No,No,Medium,0,Synthetic
STU0070,24,Male,2,60.8,60.5,0,,64.0,0.2,4.4,56313.0,No,Yes,45.7,9.8,Good,High,Yes,No,Low,1,Synthetic
STU0071,21,Male,3,91.6,59.5,2,61.8,61.6,3.7,9.8,49423.0,No,No,45.1,4.5,Good,High,No,No,Low,1,Synthetic
STU0072,18,Male,2,93.2,66.9,0,33.7,71.2,0.2,5.7,33056.0,Yes,No,79.0,2.4,Good,Low,No,No,Low,0,Synthetic
STU0073,17,Male,1,75.0,74.0,1,63.8,70.9,1.3,3.3,,Yes,No,79.5,7.9,Average,High,Yes,No,Low,0,Synthetic
STU0074,22,Male,4,77.4,73.9,0,73.3,72.5,5.2,5.6,22276.0,No,No,77.9,7.4,Average,High,Yes,No,Low,0,Synthetic
STU0075,21,Other,4,58.1,43.1,2,97.5,70.9,1.8,1.6,39585.0,No,No,62.9,14.2,Average,Low,Yes,No,High,0,Synthetic
STU0076,21,Male,4,84.7,82.9,2,55.3,74.7,2.0,2.0,21975.0,No,Yes,70.9,5.1,Good,High,No,No,Medium,1,Synthetic
STU0077,21,Male,1,85.4,71.5,0,55.7,64.5,4.7,3.3,63996.0,No,No,39.7,10.1,Good,Medium,Yes,No,Low,0,Synthetic
STU0078,18,Female,2,77.2,87.4,0,95.3,,1.6,3.7,74798.0,No,No,46.8,1.3,Poor,Low,No,No,Low,0,Synthetic
STU0079,19,Male,4,92.6,74.2,0,53.2,79.2,3.9,0.9,34186.0,No,Yes,50.0,7.5,Good,Medium,No,No,Low,0,Synthetic
STU0080,18,Female,3,73.7,83.4,3,74.8,78.0,4.6,2.9,65476.0,No,No,36.2,7.6,Average,High,No,No,Low,0,Synthetic
STU0081,22,Female,1,85.3,74.5,0,75.1,74.4,3.5,3.2,27910.0,No,No,44.4,5.0,Good,High,Yes,No,Low,0,Synthetic
STU0082,20,Male,1,64.7,86.8,0,81.9,85.0,0.6,6.6,23629.0,No,No,70.4,1.6,Good,High,No,Yes,Low,0,Synthetic
STU0083,19,Male,2,77.7,75.3,2,64.5,66.1,1.9,0.9,64104.0,Yes,No,51.3,4.8,Average,High,No,No,Low,1,Synthetic
STU0084,18,Female,4,75.7,66.6,3,61.3,61.0,6.9,0.7,83452.0,No,No,38.0,20.7,Good,Medium,Yes,No,Low,0,Synthetic
STU0085,19,Female,2,80.9,99.8,2,84.0,100.0,2.1,3.9,103037.0,No,Yes,28.6,4.7,Average,High,Yes,No,Low,0,Synthetic
STU0086,19,Male,2,73.2,80.4,1,61.9,71.7,7.3,5.8,42027.0,No,Yes,36.2,26.3,Average,High,No,No,Low,0,Synthetic
STU0087,21,Female,1,76.3,76.0,1,53.5,62.1,5.4,4.6,56233.0,Yes,No,55.6,5.4,Good,Medium,No,No,Low,0,Synthetic
STU0088,20,Male,3,88.7,50.1,1,100.0,81.1,3.6,4.1,41521.0,No,No,54.6,2.2,Average,Medium,Yes,Yes,Low,0,Synthetic
STU0089,22,Other,4,72.3,50.0,1,86.8,77.5,3.2,2.9,75732.0,Yes,No,55.5,4.9,Good,Low,No,No,Low,0,Synthetic
STU0090,20,Male,2,57.1,72.1,0,100.0,81.6,2.1,4.9,44418.0,Yes,No,59.0,5.0,Good,High,No,No,Low,0,Synthetic
STU0091,18,Female,3,100.0,70.0,2,92.1,96.0,2.7,5.2,54497.0,Yes,No,61.7,2.7,Average,Medium,No,No,Low,0,Synthetic
STU0092,21,Female,4,96.0,59.4,0,55.2,60.7,1.8,3.0,18744.0,No,No,67.4,6.7,Good,Medium,Yes,No,Low,1,Synthetic
STU0093,21,Female,1,,70.0,1,79.7,,2.7,1.6,30821.0,Yes,No,64.9,3.5,Good,High,No,No,Low,0,Synthetic
STU0094,20,Female,2,87.0,90.2,1,59.7,77.0,0.8,1.6,54754.0,Yes,No,64.3,7.9,Poor,High,Yes,No,Low,1,Synthetic
STU0095,21,Male,2,71.5,77.7,1,48.3,66.0,0.7,5.3,52119.0,Yes,No,51.8,4.7,Good,High,No,No,Low,1,Synthetic
STU0096,20,Male,3,81.4,52.0,0,70.0,78.3,4.8,0.4,57383.0,No,No,57.7,20.3,Average,Medium,No,No,Low,1,Synthetic
STU0097,20,Male,3,81.8,66.4,1,95.7,87.7,0.4,6.9,37401.0,Yes,No,54.7,21.9,Average,High,No,No,Low,0,Synthetic
STU0098,19,Male,3,75.0,56.7,1,82.9,75.1,4.1,2.6,24453.0,Yes,No,63.6,37.2,Good,Low,No,No,Medium,0,Synthetic
STU0099,17,Female,3,67.8,62.6,0,53.0,45.2,0.2,4.1,33883.0,No,No,80.6,10.6,Good,Medium,Yes,No,High,0,Synthetic
STU0100,18,Male,2,69.0,62.2,0,69.3,66.7,3.7,4.9,35917.0,No,Yes,68.3,11.9,Good,Low,No,No,Medium,0,Synthetic
STU0101,17,Male,4,66.1,61.3,1,75.4,61.6,2.5,2.1,39977.0,Yes,No,52.5,8.8,Good,High,Yes,Yes,Medium,0,Synthetic
STU0102,20,Female,2,67.2,50.4,0,47.6,61.0,4.8,2.6,20553.0,Yes,No,71.9,5.0,Average,High,No,Yes,High,0,Synthetic
STU0103,19,Female,1,77.1,66.2,0,90.8,86.6,2.3,3.8,30239.0,Yes,Yes,47.5,9.3,Average,High,Yes,No,Low,0,Synthetic
STU0104,20,Female,3,,60.2,1,73.9,65.6,0.2,1.8,33334.0,No,No,59.0,14.4,Good,High,No,No,Medium,1,Synthetic
STU0105,22,Other,3,86.9,27.0,1,53.0,51.7,2.5,1.4,,No,No,59.5,12.8,Average,Low,No,No,High,0,Synthetic
STU0106,19,Male,2,97.3,96.7,1,52.0,93.7,3.0,1.5,55325.0,No,No,58.3,7.9,Poor,High,No,No,Low,0,Synthetic
STU0107,19,Male,4,70.5,83.2,2,97.8,79.0,2.6,5.9,38304.0,Yes,Yes,57.4,8.6,Good,High,Yes,No,Low,0,Synthetic
STU0108,21,Female,4,81.1,62.7,1,71.1,62.5,3.7,4.3,40499.0,No,No,62.2,3.0,Average,High,No,No,Low,0,Synthetic
STU0109,19,Female,1,84.5,68.3,2,99.4,78.2,2.0,1.9,26359.0,Yes,No,73.7,8.4,Average,,Yes,Yes,Low,0,Synthetic
STU0110,18,Male,4,84.1,51.6,0,100.0,75.5,0.9,5.2,48317.0,Yes,No,50.2,3.8,Good,Medium,No,No,Low,0,Synthetic
STU0111,19,Female,1,79.0,91.7,0,96.4,82.0,1.3,2.0,22149.0,No,No,,12.5,Good,Medium,No,No,Low,0,Synthetic
STU0112,18,Male,1,87.7,94.6,0,68.4,89.8,2.0,0.0,24148.0,No,No,64.9,12.3,Average,Medium,No,No,Low,0,Synthetic
STU0113,23,Male,1,84.3,70.2,0,33.0,44.5,2.0,4.9,49448.0,Yes,No,44.9,17.9,Good,High,No,Yes,Medium,0,Synthetic
STU0114,22,Female,4,61.9,82.3,0,83.6,68.6,6.4,6.8,,No,No,57.8,5.1,Good,Low,Yes,No,Low,0,Synthetic
STU0115,20,Female,3,89.3,70.5,0,100.0,,4.7,4.6,17334.0,No,No,68.6,1.1,Average,Medium,No,No,Low,0,Synthetic
STU0116,22,Female,1,89.5,49.3,1,77.4,74.9,3.8,0.0,83338.0,No,No,44.4,9.6,Average,High,Yes,No,Low,0,Synthetic
STU0117,22,Male,2,68.1,62.2,0,42.2,70.8,3.5,3.5,23062.0,No,No,70.8,11.3,Good,High,No,No,Medium,0,Synthetic
STU0118,18,Female,3,78.5,69.8,1,65.9,83.8,3.2,3.0,32538.0,No,No,42.7,10.8,Good,Low,No,No,Low,0,Synthetic
STU0119,22,Male,1,86.9,61.6,0,74.7,62.2,3.3,4.3,91476.0,No,No,23.0,2.0,Good,Medium,No,No,Low,0,Synthetic
STU0120,20,Male,4,75.3,64.9,0,58.2,50.9,3.0,1.8,11274.0,No,Yes,56.5,23.3,Good,Medium,No,Yes,High,1,Synthetic
STU0121,22,Female,4,91.9,66.7,2,31.8,63.5,2.9,2.8,13693.0,No,No,70.6,12.9,Good,High,Yes,No,High,0,Synthetic
STU0122,22,Female,2,100.0,66.9,1,,76.4,0.2,0.7,44630.0,Yes,No,53.7,12.7,Good,High,No,No,Low,0,Synthetic
STU0123,19,Female,4,67.8,68.7,2,63.9,57.2,2.2,3.9,8954.0,No,No,,13.0,Good,Medium,Yes,No,High,1,Synthetic
STU0124,18,Female,2,60.0,53.2,0,100.0,72.1,2.4,0.7,11375.0,Yes,No,93.8,6.2,Good,Medium,No,No,Low,1,Synthetic
STU0125,19,Female,4,81.9,58.0,0,79.8,75.8,1.7,4.4,66799.0,Yes,No,24.4,1.1,Good,Medium,No,No,Low,0,Synthetic
STU0126,19,Female,3,87.4,50.0,1,86.5,69.2,2.0,2.0,27951.0,No,No,,10.8,Good,Medium,Yes,No,Low,0,Synthetic
STU0127,22,Male,3,75.0,81.7,3,75.9,72.3,3.3,0.0,117120.0,Yes,No,34.9,7.9,Good,High,Yes,No,Low,0,Synthetic
STU0128,22,Male,1,96.9,38.5,4,79.7,67.3,4.0,5.1,19811.0,No,No,58.4,15.8,Good,Medium,Yes,No,High,0,Synthetic
STU0129,17,Male,4,60.6,84.2,0,48.3,60.1,3.2,4.5,29376.0,No,No,70.9,10.1,Poor,Low,No,No,High,0,Synthetic
STU0130,20,Male,2,87.0,87.4,1,59.3,81.8,3.9,6.2,47120.0,No,No,44.1,0.5,Good,Low,Yes,No,Low,0,Synthetic
STU0131,19,Female,1,70.1,63.8,2,97.6,69.2,3.9,0.0,45363.0,Yes,No,58.9,4.8,Average,High,No,No,Low,0,Synthetic
STU0132,19,Female,1,100.0,31.6,1,81.8,68.0,2.4,2.2,30422.0,Yes,No,36.7,2.4,Poor,High,No,Yes,Medium,0,Synthetic
STU0133,18,Male,3,,62.9,0,70.8,75.5,3.6,3.8,24501.0,No,No,,4.5,Good,Medium,Yes,No,Low,0,Synthetic
STU0134,19,Male,2,68.0,67.1,0,86.8,74.3,0.2,4.6,39750.0,No,No,59.1,14.9,Average,Medium,No,No,Low,0,Synthetic
STU0135,23,Female,3,,53.9,3,87.1,73.7,2.2,0.6,74637.0,Yes,Yes,26.0,12.5,Good,Medium,No,No,Medium,1,Synthetic
STU0136,19,Male,4,89.2,60.8,2,100.0,100.0,2.0,4.4,53244.0,Yes,No,61.2,3.4,Good,Low,Yes,Yes,Low,0,Synthetic
STU0137,20,Female,1,73.0,89.4,0,80.9,85.3,5.1,2.4,24717.0,No,No,84.7,4.7,Good,Medium,No,Yes,Low,0,Synthetic
STU0138,21,Female,3,77.4,77.3,0,58.9,75.7,3.3,0.0,20285.0,Yes,No,55.8,12.1,Good,Medium,Yes,No,Low,0,Synthetic
STU0139,19,Female,1,78.3,55.1,2,75.9,68.4,0.8,2.0,23910.0,No,No,62.9,14.0,Good,High,Yes,No,Medium,1,Synthetic
STU0140,24,Female,4,53.0,45.6,0,88.9,55.5,3.7,4.5,17371.0,No,No,61.9,9.1,Good,High,No,No,Medium,0,Synthetic
STU0141,23,Female,4,77.8,63.4,1,95.9,75.6,4.2,0.0,37956.0,No,No,50.6,5.4,Average,High,No,No,Low,0,Synthetic
STU0142,19,Male,2,69.0,65.0,0,,55.1,2.7,4.8,54758.0,Yes,No,42.6,19.6,Poor,Low,No,No,Medium,1,Synthetic
STU0143,20,Female,3,71.6,74.9,1,82.6,79.6,3.8,4.1,33653.0,Yes,No,53.8,11.5,Good,High,No,No,Low,0,Synthetic
STU0144,19,Female,2,96.8,60.5,1,61.8,60.4,0.2,3.0,90127.0,Yes,Yes,31.8,1.6,Good,Medium,No,Yes,Low,0,Synthetic
STU0145,19,Male,2,61.7,75.2,1,67.8,72.6,0.2,0.2,92928.0,No,No,33.6,25.6,Good,Medium,Yes,No,Low,0,Synthetic
STU0146,17,Female,4,,95.1,1,93.2,91.2,1.0,0.4,41455.0,No,No,53.3,13.1,Good,Medium,Yes,Yes,Low,0,Synthetic
STU0147,20,Female,2,74.4,79.4,0,91.4,87.7,3.0,2.7,51491.0,No,Yes,63.5,8.8,Average,Medium,Yes,No,Low,0,Synthetic
STU0148,20,Female,2,74.4,67.3,1,65.8,63.5,5.1,1.3,21330.0,No,No,74.5,7.5,Good,High,No,No,Medium,0,Synthetic
STU0149,18,Female,2,88.3,65.4,2,75.2,69.6,1.1,2.8,28700.0,Yes,No,45.1,5.1,Good,Medium,No,No,Low,0,Synthetic
STU0150,19,Female,4,82.4,63.0,0,68.4,68.4,1.5,5.3,70464.0,No,Yes,39.7,13.3,Average,High,Yes,No,Low,0,Synthetic
STU0151,22,Female,2,85.4,84.5,3,100.0,86.8,2.9,3.0,25451.0,No,No,79.8,4.3,Average,High,Yes,No,Low,0,Synthetic
STU0152,19,Female,1,90.6,59.2,1,83.0,85.0,2.1,2.9,79313.0,No,Yes,46.8,2.8,Good,High,No,No,Low,1,Synthetic
STU0153,18,Female,3,73.7,68.6,2,62.9,74.8,2.0,2.9,64538.0,Yes,No,53.2,9.8,Good,High,Yes,No,Low,0,Synthetic
STU0154,20,Female,4,70.0,68.7,0,100.0,95.4,2.2,5.5,52918.0,No,No,56.7,3.8,Good,High,No,No,Low,1,Synthetic
STU0155,24,Female,1,63.9,61.0,0,100.0,71.7,4.8,6.1,18364.0,No,No,64.5,4.5,Good,Medium,No,No,Low,0,Synthetic
STU0156,19,Female,1,67.3,48.8,0,100.0,,4.5,4.3,29481.0,No,No,62.7,14.3,Good,High,No,No,Low,1,Synthetic
STU0157,21,Male,1,100.0,72.5,1,100.0,88.5,2.8,3.8,49882.0,Yes,No,50.2,11.7,Good,Medium,Yes,No,Low,0,Synthetic
STU0158,21,Female,2,94.2,,0,90.7,86.7,5.3,4.0,20352.0,No,Yes,77.1,4.1,Poor,High,No,No,Low,0,Synthetic
STU0159,19,Female,2,60.4,75.0,0,71.7,74.5,3.6,6.4,31526.0,Yes,No,57.7,23.9,Good,High,Yes,No,Low,0,Synthetic
STU0160,21,Male,3,60.8,60.5,2,74.4,67.9,4.5,4.5,52933.0,No,No,52.5,9.0,Good,Medium,No,No,Medium,1,Synthetic
STU0161,19,Female,3,84.3,85.1,0,72.7,76.5,1.5,6.5,25607.0,No,Yes,73.6,5.7,Good,Low,Yes,No,Low,0,Synthetic
STU0162,20,Male,3,85.1,55.7,2,70.7,85.0,1.8,2.7,21973.0,No,No,62.3,5.1,Good,Low,No,No,Medium,0,Synthetic
STU0163,20,Male,2,85.1,92.0,0,100.0,84.1,1.8,0.8,13000.0,No,Yes,69.0,4.2,Average,Low,No,No,Low,1,Synthetic
STU0164,20,Female,4,74.7,43.5,0,78.0,64.3,2.7,2.2,28295.0,No,No,59.4,11.8,Good,Medium,Yes,No,Medium,0,Synthetic
STU0165,18,Male,2,76.4,74.1,0,95.5,73.8,2.9,2.4,53549.0,Yes,No,52.5,4.7,Good,Medium,No,No,Low,0,Synthetic
STU0166,22,Female,4,82.3,74.7,2,90.2,82.9,3.3,6.7,21655.0,Yes,No,62.4,7.6,Good,Medium,No,No,Low,0,Synthetic
STU0167,19,Female,3,79.1,56.9,1,58.2,77.8,5.8,5.0,35346.0,No,No,54.4,7.4,Good,Medium,Yes,No,Low,0,Synthetic
STU0168,18,Female,1,49.1,73.9,2,47.1,54.7,3.9,18.0,30939.0,No,No,54.1,4.5,Good,High,Yes,No,High,0,Synthetic
STU0169,18,Male,3,75.0,85.9,0,55.7,70.4,2.0,5.1,24257.0,Yes,Yes,63.2,4.6,Good,Medium,No,No,Low,1,Synthetic
STU0170,20,Male,2,66.9,37.0,1,70.3,45.6,2.8,3.2,55484.0,Yes,No,65.0,2.8,Good,High,No,No,Medium,0,Synthetic
STU0171,21,Female,3,80.3,75.0,0,80.4,76.4,5.1,6.8,86366.0,No,No,47.9,13.5,Good,High,No,No,Low,0,Synthetic
STU0172,17,Other,1,100.0,33.1,2,66.3,77.3,4.0,2.8,60809.0,No,No,31.7,10.7,Good,Medium,No,No,Low,0,Synthetic
STU0173,20,Female,1,82.8,54.5,1,90.7,75.1,5.0,0.4,23869.0,No,No,60.3,7.3,Average,High,No,No,Low,0,Synthetic
STU0174,19,Male,4,,90.8,2,68.5,74.5,2.1,3.1,104705.0,Yes,Yes,25.5,4.0,Average,High,No,No,Low,0,Synthetic
STU0175,21,Female,1,90.0,59.9,0,82.6,87.2,1.7,2.8,60711.0,No,No,32.0,12.1,Average,High,No,No,Low,0,Synthetic
STU0176,18,Female,4,84.3,51.6,1,80.1,70.5,1.8,0.8,27216.0,No,Yes,67.4,11.2,Average,Low,Yes,No,High,1,Synthetic
STU0177,21,Female,1,83.5,65.2,0,100.0,94.1,2.2,4.7,22849.0,No,Yes,64.7,17.2,Good,High,No,Yes,Medium,0,Synthetic
STU0178,19,Male,3,85.9,97.0,0,60.4,70.0,1.2,6.3,64840.0,No,No,73.3,12.5,Average,High,Yes,No,Low,0,Synthetic
STU0179,23,Female,3,100.0,42.4,0,100.0,88.1,3.2,1.3,38510.0,Yes,Yes,55.6,3.9,Good,Low,Yes,No,Low,0,Synthetic
STU0180,18,Female,2,63.3,53.3,0,67.3,74.9,3.3,5.4,21921.0,No,Yes,56.9,5.3,Good,Medium,No,No,High,0,Synthetic
STU0181,19,Female,2,84.2,89.0,1,53.9,83.1,4.8,2.3,32262.0,Yes,No,51.6,17.7,Good,High,No,No,Low,0,Synthetic
STU0182,18,Male,1,66.0,94.0,0,74.1,62.3,0.2,3.5,27977.0,Yes,Yes,58.4,3.1,Good,High,Yes,No,Low,0,Synthetic
STU0183,23,Female,1,85.2,66.6,1,100.0,79.7,1.4,3.2,22245.0,No,Yes,73.2,10.0,Poor,High,Yes,No,Medium,0,Synthetic
STU0184,22,Female,2,66.1,50.7,1,94.1,69.3,4.0,3.5,61152.0,No,Yes,59.0,12.4,Good,High,No,No,Medium,1,Synthetic
STU0185,19,Male,3,72.6,97.3,3,88.9,93.8,3.1,4.4,53801.0,No,Yes,88.6,12.2,Good,High,No,No,Low,0,Synthetic
STU0186,21,Female,4,74.2,90.3,1,92.3,74.7,2.9,1.5,55509.0,No,No,38.3,3.2,Good,High,No,No,Low,0,Synthetic
STU0187,22,Female,4,90.7,77.5,0,64.1,69.3,4.7,6.1,55087.0,No,No,54.0,7.3,Good,Medium,No,No,Low,0,Synthetic
STU0188,20,Male,3,89.9,56.6,0,83.9,65.0,1.3,4.5,21148.0,No,No,58.3,3.2,Good,Medium,Yes,No,Low,0,Synthetic
STU0189,20,Male,3,61.8,67.3,1,78.0,62.5,1.7,5.2,25111.0,Yes,No,69.2,5.3,Good,Medium,Yes,No,Medium,0,Synthetic
STU0190,19,Female,3,78.7,65.8,1,100.0,72.3,1.5,1.9,78070.0,No,Yes,60.4,7.8,Good,High,Yes,No,Low,0,Synthetic
STU0191,18,Male,1,68.8,72.6,0,,85.2,0.2,1.3,37142.0,Yes,Yes,70.5,13.0,Average,High,Yes,No,Low,1,Synthetic
STU0192,22,Female,4,61.6,88.3,1,71.2,67.8,3.0,5.9,15589.0,No,No,54.3,11.8,Good,Medium,No,No,Low,0,Synthetic
STU0193,22,Male,3,75.2,80.3,1,57.0,75.9,2.0,1.2,39436.0,Yes,No,67.4,8.7,Good,High,Yes,No,Low,0,Synthetic
STU0194,20,Female,3,74.0,52.9,2,80.5,70.1,1.7,3.8,50173.0,No,No,29.6,7.1,Average,Low,Yes,No,Medium,0,Synthetic
STU0195,19,Male,1,100.0,87.3,0,83.3,90.4,1.4,5.5,46692.0,No,No,27.8,8.8,Poor,Medium,No,Yes,Low,0,Synthetic
STU0196,19,Female,2,83.6,72.4,2,56.4,66.0,2.8,3.2,20895.0,No,No,63.7,9.7,Good,Medium,No,No,Medium,0,Synthetic
STU0197,21,Female,2,60.1,77.6,0,86.2,80.6,1.6,5.8,98795.0,No,Yes,42.8,6.4,Good,High,No,No,Low,0,Synthetic
STU0198,22,Female,4,70.7,88.5,2,82.2,81.3,3.1,3.0,15333.0,No,No,73.0,0.5,Poor,,No,No,Medium,0,Synthetic
STU0199,22,Female,2,91.3,52.4,1,96.2,,3.5,0.9,37201.0,No,No,83.0,5.1,Good,Medium,Yes,No,Low,0,Synthetic
STU0200,21,Male,2,100.0,67.5,1,99.8,85.4,2.4,4.2,90963.0,No,No,39.9,7.8,Good,Medium,No,No,Low,0,Synthetic
STU0201,21,Female,4,57.4,60.6,2,79.7,62.7,2.3,3.9,,No,No,54.3,12.3,Good,High,Yes,No,Medium,1,Synthetic
STU0202,18,Male,1,53.6,46.0,2,59.3,58.0,3.1,8.9,55438.0,Yes,No,66.7,5.4,Poor,Low,No,No,High,1,Synthetic
STU0203,18,Male,2,100.0,72.9,1,63.0,80.8,2.8,1.6,19611.0,Yes,No,62.7,4.9,Poor,High,No,No,Low,0,Synthetic
STU0204,22,Male,1,83.1,100.0,1,,95.1,4.8,3.0,42361.0,Yes,No,62.7,1.0,Average,High,No,No,Low,0,Synthetic
STU0205,20,Female,3,66.7,42.2,0,81.0,58.3,3.3,2.0,34302.0,Yes,No,66.7,8.3,Good,Medium,No,No,Medium,0,Synthetic
STU0206,17,Female,4,85.0,67.5,1,100.0,100.0,4.4,3.2,18799.0,No,No,55.8,8.3,Good,Medium,No,No,Low,1,Synthetic
STU0207,18,Female,2,43.7,77.0,1,87.0,65.0,3.7,3.1,56325.0,Yes,No,57.1,2.6,Good,Low,No,No,Medium,0,Synthetic
STU0208,21,Male,4,78.0,69.7,2,91.6,80.0,0.8,1.8,22301.0,Yes,No,92.3,11.7,Average,High,Yes,No,Low,0,Synthetic
STU0209,17,Male,2,82.3,66.4,1,94.9,80.4,2.0,4.4,23804.0,Yes,No,79.1,7.7,Poor,High,No,No,Low,0,Synthetic
STU0210,18,Other,4,90.0,49.8,0,56.0,81.7,2.7,3.1,44401.0,No,Yes,47.2,3.1,Good,Medium,Yes,No,Low,0,Synthetic
STU0211,20,Male,3,64.8,71.3,0,83.5,71.0,4.1,6.2,32348.0,No,No,90.1,5.8,,High,No,No,Low,0,Synthetic
STU0212,21,Male,4,79.1,57.4,1,55.7,61.3,5.7,2.2,38415.0,No,Yes,67.9,7.1,Good,High,Yes,No,Medium,1,Synthetic
STU0213,21,Male,1,66.0,37.3,1,72.9,60.8,2.1,7.2,31277.0,No,No,67.6,4.1,Good,Medium,Yes,No,High,0,Synthetic
STU0214,19,Female,4,81.3,84.7,0,89.5,79.6,2.9,4.1,76137.0,Yes,No,43.4,16.6,Average,High,No,No,Low,0,Synthetic
STU0215,21,Female,3,66.4,81.4,0,59.5,69.4,4.0,6.0,21043.0,No,No,74.8,4.7,Good,Medium,Yes,No,Low,0,Synthetic
STU0216,19,Male,2,72.7,68.7,2,88.1,95.9,2.7,3.7,27105.0,No,Yes,,1.7,Good,High,No,No,Medium,0,Synthetic
STU0217,19,Male,4,65.1,71.2,1,51.0,64.4,5.3,1.9,45604.0,Yes,No,57.0,2.8,Good,Medium,Yes,No,Low,0,Synthetic
STU0218,21,Female,2,86.5,83.0,2,98.6,91.8,0.8,3.0,20328.0,No,No,65.3,9.4,Average,Medium,No,No,Low,1,Synthetic
STU0219,21,Female,4,89.2,71.1,1,66.0,69.9,3.8,0.7,19839.0,No,No,78.7,11.8,Average,High,No,No,Low,0,Synthetic
STU0220,22,Male,1,74.9,80.7,1,59.5,84.9,3.8,3.3,37755.0,No,No,70.3,9.4,Poor,High,No,No,Low,0,Synthetic
STU0221,21,Female,3,78.5,63.8,1,52.2,80.4,4.5,3.8,56396.0,No,No,50.6,11.5,Average,,Yes,No,Low,0,Synthetic
STU0222,20,Male,2,59.2,86.4,2,67.6,77.1,2.9,3.6,60593.0,Yes,No,32.5,5.4,Good,High,Yes,No,Low,0,Synthetic
STU0223,18,Male,1,74.1,72.5,2,43.7,68.2,4.1,6.2,36811.0,Yes,Yes,60.7,1.2,Good,Medium,No,No,High,1,Synthetic
STU0224,19,Female,1,77.3,70.7,0,68.1,70.2,2.4,3.2,24184.0,Yes,Yes,56.7,25.5,Poor,Low,Yes,No,High,1,Synthetic
STU0225,19,Male,1,100.0,50.2,0,97.8,87.4,1.6,0.0,40730.0,Yes,No,53.0,9.7,Good,Medium,Yes,No,Low,0,Synthetic
STU0226,19,Female,2,63.5,72.0,1,74.6,63.3,1.4,10.6,47786.0,Yes,Yes,54.4,6.4,Average,Medium,No,No,Medium,0,Synthetic
STU0227,24,Male,2,97.0,56.4,2,56.8,61.7,0.6,2.1,40422.0,No,No,46.1,7.8,Average,High,No,No,Low,0,Synthetic
STU0228,19,Male,3,91.0,59.1,0,82.1,66.4,2.1,5.4,69002.0,Yes,Yes,28.1,24.7,Average,High,Yes,No,Low,0,Synthetic
STU0229,22,Other,2,81.6,56.6,0,80.5,77.0,3.3,0.5,,No,No,70.5,4.2,Good,Low,Yes,No,Low,0,Synthetic
STU0230,20,Male,2,100.0,,0,100.0,74.9,2.5,4.0,23855.0,No,No,65.8,6.6,Good,Low,Yes,No,Low,0,Synthetic
STU0231,21,Female,3,82.8,97.7,0,92.2,86.6,3.1,1.9,,No,No,49.3,12.3,Average,Medium,No,No,Low,0,Synthetic
STU0232,20,Male,1,83.1,86.6,0,83.5,83.8,4.7,0.0,15568.0,No,No,74.9,7.9,Average,High,Yes,No,Low,0,Synthetic
STU0233,20,Male,4,77.3,94.9,2,94.3,96.5,2.0,2.9,26015.0,No,Yes,56.7,1.7,Average,Medium,No,No,Low,1,Synthetic
STU0234,20,Male,4,93.9,50.9,0,75.6,70.0,6.3,3.4,23406.0,No,No,69.6,21.0,Good,High,Yes,No,Low,1,Synthetic
STU0235,18,Female,3,92.3,69.0,0,76.6,88.7,3.9,3.1,14806.0,No,No,85.1,21.3,Good,Medium,Yes,No,Low,0,Synthetic
STU0236,21,Male,3,69.9,49.9,2,,81.9,2.5,4.0,31577.0,No,No,59.3,10.0,Average,Medium,No,No,Medium,0,Synthetic
STU0237,19,Female,4,60.8,58.3,0,48.6,47.2,2.5,3.0,52763.0,No,No,76.7,27.5,Average,High,Yes,Yes,High,1,Synthetic
STU0238,17,Male,1,,55.1,2,95.4,85.3,1.3,3.6,38142.0,Yes,No,60.3,8.2,Average,Low,No,No,Medium,0,Synthetic
STU0239,21,Female,1,67.6,85.4,1,76.0,73.6,2.8,3.8,54333.0,No,No,43.0,9.2,Good,Low,No,No,Low,0,Synthetic
STU0240,18,Male,1,77.2,62.5,0,72.8,67.3,0.2,3.4,67419.0,No,No,58.2,0.7,Poor,Low,Yes,No,Medium,0,Synthetic
STU0241,23,Female,3,94.1,83.0,2,68.0,79.4,4.7,3.2,28311.0,No,No,62.3,7.4,Good,Medium,No,No,Low,0,Synthetic
STU0242,23,Female,1,72.1,76.5,1,80.8,76.4,0.2,1.7,150072.0,Yes,No,27.6,8.6,Average,High,No,No,Low,0,Synthetic
STU0243,23,Female,3,77.4,100.0,1,77.2,80.8,2.9,4.7,28944.0,No,No,68.4,15.8,Good,Medium,Yes,No,Low,1,Synthetic
STU0244,19,Female,4,78.8,47.3,2,70.5,59.7,1.1,2.9,31139.0,No,No,58.6,7.4,Good,High,Yes,No,High,1,Synthetic
STU0245,17,Female,4,89.0,85.6,3,65.4,73.7,1.7,2.8,23716.0,Yes,Yes,83.8,6.2,Average,High,No,No,Medium,1,Synthetic
STU0246,23,Female,2,48.8,84.1,2,43.7,,1.9,4.5,47243.0,No,No,50.1,3.6,Good,High,Yes,No,High,1,Synthetic
STU0247,19,Male,1,,,1,65.0,62.3,5.7,3.9,29832.0,No,No,37.1,4.1,Good,Medium,No,No,Low,0,Synthetic
STU0248,23,Male,4,80.7,82.1,0,68.8,81.2,1.1,2.1,33514.0,No,No,72.2,2.4,Good,High,No,No,Low,0,Synthetic
STU0249,23,Female,3,93.6,72.7,1,80.7,83.2,4.2,6.0,31264.0,No,No,66.7,8.1,Average,High,Yes,No,Low,1,Synthetic
STU0250,22,Female,1,71.6,64.8,1,100.0,80.1,4.5,1.1,30877.0,No,No,78.1,9.7,Good,High,No,No,Low,0,Synthetic
STU0251,19,Female,1,53.6,56.5,1,66.9,63.9,0.2,1.4,38184.0,No,No,49.1,8.8,Good,Medium,No,Yes,High,1,Synthetic
STU0252,19,Female,4,86.1,57.9,0,59.6,79.7,1.9,4.8,27323.0,Yes,No,61.1,5.4,Poor,Medium,No,No,Low,1,Synthetic
STU0253,22,Male,3,69.7,96.7,0,65.1,87.9,5.0,7.0,28037.0,No,No,59.5,8.4,Good,High,No,No,Low,0,Synthetic
STU0254,19,Male,4,62.5,68.0,2,80.8,81.3,0.8,2.3,63144.0,No,Yes,60.9,8.8,Good,Low,No,No,High,1,Synthetic
STU0255,18,Female,4,69.9,78.9,1,88.6,86.1,4.6,4.3,29782.0,No,Yes,70.9,7.6,Good,High,Yes,No,Low,1,Synthetic
STU0256,20,Male,3,75.6,56.9,1,91.1,92.1,2.8,1.1,43220.0,No,Yes,60.3,8.4,Poor,Medium,No,No,Medium,1,Synthetic
STU0257,23,Male,2,70.1,57.1,1,92.9,77.7,2.7,1.6,21459.0,Yes,No,69.1,7.5,Good,Medium,No,No,Low,0,Synthetic
STU0258,21,Female,2,49.3,83.1,1,95.4,78.2,2.9,5.8,27406.0,No,No,50.2,21.8,Average,Medium,No,No,Low,0,Synthetic
STU0259,20,Male,2,89.7,49.1,1,73.0,89.6,3.3,4.2,17769.0,Yes,Yes,77.1,3.6,Good,High,No,No,Medium,1,Synthetic
STU0260,18,Female,2,94.6,62.2,0,100.0,65.0,1.4,5.8,97056.0,Yes,No,45.6,15.7,Average,Low,No,No,Low,0,Synthetic
STU0261,20,Male,3,86.5,68.5,1,71.6,74.2,2.4,5.7,74578.0,Yes,No,72.7,1.0,Average,Low,No,No,Low,0,Synthetic
STU0262,24,Female,3,63.2,69.6,2,80.0,81.0,3.4,20.0,48562.0,Yes,No,61.2,13.3,Good,Medium,No,No,Low,1,Synthetic
STU0263,18,Male,4,75.4,65.5,2,100.0,88.9,3.1,1.1,114257.0,No,No,36.9,4.5,Good,Medium,Yes,No,Low,0,Synthetic
STU0264,20,Male,2,77.9,73.5,1,88.2,100.0,3.3,4.0,53464.0,Yes,No,59.3,11.9,Average,High,No,No,Low,0,Synthetic
STU0265,22,Male,3,85.8,77.7,3,37.7,67.4,1.7,0.1,31841.0,Yes,No,53.9,3.6,Good,Medium,Yes,No,Medium,0,Synthetic
STU0266,21,Male,3,86.7,78.3,1,78.1,77.7,3.7,1.4,42958.0,No,No,72.8,11.1,,High,No,No,Low,0,Synthetic
STU0267,21,Male,3,68.5,54.2,0,93.5,70.3,3.0,6.4,73979.0,No,No,44.7,4.3,Good,Medium,Yes,No,Low,0,Synthetic
STU0268,21,Male,3,79.1,64.0,1,53.8,68.3,0.4,2.4,21567.0,Yes,No,64.1,15.3,Average,High,Yes,Yes,High,1,Synthetic
STU0269,19,Female,1,83.9,84.7,0,91.5,99.8,2.0,4.9,18362.0,Yes,No,66.0,5.5,Good,Medium,Yes,No,Low,0,Synthetic
STU0270,19,Male,2,96.9,80.5,0,,100.0,1.5,3.4,43759.0,Yes,No,56.7,7.5,Average,High,No,No,Low,0,Synthetic
STU0271,22,Female,1,87.2,48.8,2,99.3,79.5,1.4,2.1,25345.0,Yes,No,59.0,0.5,Good,High,No,No,Low,0,Synthetic
STU0272,22,Female,2,88.3,72.9,0,65.5,77.7,2.1,0.2,10099.0,Yes,No,73.5,3.8,Good,High,No,No,Low,1,Synthetic
STU0273,22,Female,2,79.1,40.3,0,95.9,68.4,3.7,4.0,17668.0,No,No,66.8,17.0,Good,High,Yes,No,Medium,1,Synthetic
STU0274,23,Male,3,96.3,68.7,1,80.9,78.6,1.9,6.4,29490.0,Yes,No,61.0,4.3,Good,Medium,No,No,Low,0,Synthetic
STU0275,20,Female,4,83.3,94.6,1,100.0,100.0,3.1,2.2,35940.0,No,No,66.5,2.9,Good,Medium,Yes,No,Low,0,Synthetic
STU0276,20,Male,3,66.8,54.7,1,100.0,87.6,2.9,3.6,36534.0,No,No,61.3,10.9,Good,Medium,Yes,No,Low,0,Synthetic
STU0277,21,Male,3,96.2,56.3,1,100.0,80.0,1.6,0.5,105447.0,No,No,,8.2,Average,Medium,No,No,Low,0,Synthetic
STU0278,21,Other,2,87.1,78.7,1,86.6,86.3,2.3,2.2,31223.0,No,Yes,53.3,26.5,Good,Medium,No,Yes,Low,1,Synthetic
STU0279,21,Male,3,72.2,,2,100.0,72.2,4.1,4.2,40785.0,No,Yes,59.9,5.2,Average,High,Yes,Yes,High,1,Synthetic
STU0280,21,Female,1,71.8,59.1,2,88.9,80.9,3.0,5.0,14312.0,No,No,60.3,9.6,Good,High,No,No,Medium,1,Synthetic
STU0281,22,Female,1,81.9,76.4,0,61.7,70.1,3.6,4.6,34406.0,No,No,51.4,10.9,Good,High,No,No,Low,0,Synthetic
STU0282,19,Female,2,84.0,59.1,0,77.3,58.8,4.7,0.0,42063.0,Yes,No,48.5,4.4,Good,Medium,Yes,No,Low,0,Synthetic
STU0283,19,Female,2,80.6,64.7,2,91.7,87.7,3.5,2.6,16427.0,Yes,No,71.5,26.0,Poor,High,Yes,No,Medium,0,Synthetic
STU0284,18,Male,1,82.0,78.4,1,92.9,82.3,0.2,1.6,20940.0,No,No,80.9,7.2,Average,High,No,No,Low,1,Synthetic
STU0285,20,Male,1,100.0,73.9,3,57.7,75.8,3.2,2.9,45805.0,No,Yes,60.9,2.4,Good,Medium,Yes,No,Medium,0,Synthetic
STU0286,17,Female,1,91.9,,0,58.3,77.6,1.9,3.3,25916.0,No,Yes,75.3,0.8,Average,Low,No,No,Medium,1,Synthetic
STU0287,20,Male,4,80.5,63.3,1,71.9,75.2,5.5,5.6,33081.0,No,Yes,60.9,9.3,Good,Medium,No,No,Medium,1,Synthetic
STU0288,20,Male,2,90.2,73.2,1,87.6,87.8,3.4,4.1,47124.0,No,No,57.9,3.5,Good,Medium,No,No,Low,0,Synthetic
STU0289,19,Male,2,64.6,66.3,2,89.9,60.9,1.9,6.3,107300.0,No,No,51.9,17.1,Good,Medium,No,No,Low,0,Synthetic
STU0290,20,Male,1,83.2,74.4,0,80.5,84.1,3.6,2.1,30981.0,No,No,72.6,9.8,Good,Medium,No,No,Low,0,Synthetic
STU0291,17,Male,3,100.0,61.0,1,63.0,60.1,2.9,0.7,92611.0,No,Yes,49.2,1.9,Good,Medium,Yes,No,Low,0,Synthetic
STU0292,17,Male,2,75.2,65.4,0,100.0,87.1,0.2,6.4,11918.0,No,Yes,67.1,5.9,Average,Medium,No,No,Low,0,Synthetic
STU0293,22,Female,1,67.0,54.1,1,58.7,69.2,4.1,4.4,,No,Yes,59.7,8.3,Good,High,No,No,High,0,Synthetic
STU0294,19,Female,2,69.5,67.5,0,100.0,68.6,2.2,2.0,29125.0,Yes,No,68.2,7.4,Average,High,Yes,No,Low,0,Synthetic
STU0295,18,Female,1,63.8,56.6,0,91.3,73.9,4.9,4.4,26115.0,No,No,57.3,13.3,Good,High,No,No,Low,0,Synthetic
STU0296,20,Male,1,67.8,52.4,0,100.0,82.9,2.6,5.2,50264.0,Yes,No,,7.6,Good,Medium,Yes,No,Low,0,Synthetic
STU0297,21,Male,1,73.2,71.6,1,70.0,68.0,5.0,3.7,31103.0,Yes,No,67.3,3.0,Average,Low,Yes,No,Low,0,Synthetic
STU0298,18,Male,1,59.7,71.0,0,75.4,74.0,3.4,2.0,11492.0,No,No,81.9,5.8,Average,High,No,No,Medium,0,Synthetic
STU0299,20,Female,1,78.2,79.0,1,79.0,56.4,4.3,2.6,14611.0,Yes,No,,7.7,Poor,High,No,No,Low,1,Synthetic
STU0300,18,Female,2,89.7,62.0,0,69.4,83.1,2.1,4.1,52063.0,No,Yes,47.0,8.5,Good,Low,No,No,Low,1,Synthetic
STU0301,18,Male,4,66.2,73.7,0,82.1,74.3,3.3,3.9,14223.0,Yes,No,65.3,3.3,Average,Medium,Yes,No,Low,0,Synthetic
STU0302,20,Female,3,97.8,75.7,1,100.0,89.9,0.2,5.9,52836.0,No,No,29.5,8.7,Average,Medium,No,No,Low,0,Synthetic
STU0303,20,Male,2,84.6,74.2,0,54.7,78.9,2.6,2.9,37486.0,Yes,No,56.0,4.2,Good,Low,Yes,No,Low,0,Synthetic
STU0304,20,Female,2,91.4,56.4,0,66.2,,0.6,1.6,31871.0,No,Yes,48.9,12.3,Good,Medium,No,No,Low,0,Synthetic
STU0305,21,Female,4,69.4,70.1,1,64.2,71.7,1.1,8.7,33466.0,Yes,No,53.2,14.2,Good,Medium,No,No,Low,0,Synthetic
STU0306,24,Female,2,89.1,73.1,0,76.3,92.7,1.5,3.8,,No,Yes,42.4,10.2,Good,High,No,No,Low,0,Synthetic
STU0307,20,Female,1,63.8,68.1,0,75.6,56.8,3.8,5.2,18315.0,Yes,No,52.3,12.6,Good,High,No,Yes,Low,0,Synthetic
STU0308,19,Female,3,89.6,38.8,1,91.9,80.5,2.6,4.5,35824.0,No,No,48.6,10.7,Poor,High,No,No,Low,0,Synthetic
STU0309,21,Male,1,80.2,70.2,0,78.6,75.6,2.8,3.9,18702.0,Yes,No,75.1,6.1,Good,Medium,No,No,Low,0,Synthetic
STU0310,19,Female,2,85.2,99.0,1,83.5,82.4,2.5,3.0,38296.0,Yes,No,53.6,3.3,Average,Low,No,No,Low,0,Synthetic
STU0311,19,Male,2,62.7,63.0,0,85.2,55.2,4.4,0.0,49944.0,Yes,No,41.7,9.0,Average,Low,No,No,Low,0,Synthetic
STU0312,18,Female,4,66.4,57.8,1,82.4,74.3,2.8,1.4,38345.0,No,No,68.7,9.2,Good,Low,No,No,Medium,0,Synthetic
STU0313,17,Female,2,85.8,73.2,1,90.7,90.7,3.2,4.2,48915.0,No,No,57.0,9.8,Good,High,No,No,Low,0,Synthetic
STU0314,23,Female,3,65.7,72.4,1,75.8,82.0,1.9,0.0,23816.0,No,Yes,37.1,5.4,Good,Low,No,No,Medium,0,Synthetic
STU0315,22,Male,4,84.0,84.7,1,100.0,99.2,4.5,3.6,33823.0,Yes,No,73.4,18.3,Average,Medium,Yes,No,Low,0,Synthetic
STU0316,21,Female,1,60.2,50.4,1,100.0,65.0,4.6,4.8,30706.0,No,No,63.6,11.5,Poor,High,Yes,No,Medium,0,Synthetic
STU0317,19,Female,1,89.0,78.2,1,90.7,96.7,2.7,5.2,29620.0,No,No,72.4,9.9,Good,Medium,No,No,Low,0,Synthetic
STU0318,18,Female,2,62.0,76.3,1,82.1,84.5,1.9,4.7,22533.0,Yes,No,63.3,2.3,Average,High,No,No,Low,1,Synthetic
STU0319,18,Male,2,85.2,66.0,0,89.2,78.8,0.4,5.4,27601.0,No,No,83.2,2.5,Good,High,No,No,Low,0,Synthetic
STU0320,19,Male,2,86.1,72.7,1,58.2,72.5,1.5,6.7,18980.0,No,No,62.8,13.0,Average,Medium,Yes,No,Low,0,Synthetic
STU0321,20,Male,4,68.9,82.4,0,81.2,69.8,0.2,5.7,13785.0,Yes,No,37.9,8.8,Good,Medium,No,No,Low,0,Synthetic
STU0322,21,Male,3,85.6,80.2,2,64.8,88.5,1.4,3.9,23806.0,Yes,No,54.8,10.5,Good,High,No,No,Low,0,Synthetic
STU0323,21,Female,3,81.4,52.0,2,87.2,62.5,3.3,3.2,49384.0,Yes,Yes,61.3,48.0,Good,Medium,No,No,Medium,1,Synthetic
STU0324,19,Male,2,71.0,79.5,3,64.9,75.7,2.7,3.7,39809.0,No,Yes,61.0,8.2,Good,Low,Yes,No,High,1,Synthetic
STU0325,23,Female,4,64.9,67.1,1,71.8,63.2,6.3,2.9,17535.0,Yes,No,66.5,2.8,,Medium,No,Yes,Medium,0,Synthetic
STU0326,21,Male,4,52.5,69.0,0,44.3,45.7,2.2,5.7,27995.0,Yes,No,52.0,2.6,Average,High,No,No,Medium,0,Synthetic
STU0327,20,Male,4,82.5,69.0,0,56.9,54.5,2.1,4.6,51224.0,Yes,No,54.7,9.7,Good,High,Yes,No,Low,0,Synthetic
STU0328,20,Female,1,57.7,65.9,3,84.4,67.8,4.4,2.7,27349.0,Yes,Yes,63.9,22.6,Average,High,Yes,No,High,1,Synthetic
STU0329,19,Female,3,79.2,84.7,0,62.4,64.9,0.2,6.1,16048.0,Yes,No,68.3,4.3,Good,Low,Yes,No,Low,0,Synthetic
STU0330,19,Female,1,74.6,66.8,0,97.1,,0.6,2.9,121152.0,No,No,33.0,4.0,Average,High,Yes,No,Low,0,Synthetic
STU0331,19,Female,1,86.8,52.3,0,60.8,,3.8,1.6,31929.0,Yes,No,64.4,1.6,Average,Medium,No,No,Low,0,Synthetic
STU0332,21,Female,1,74.1,62.5,0,86.2,76.5,2.5,3.5,18456.0,No,No,64.6,5.4,Average,Medium,Yes,No,Low,0,Synthetic
STU0333,17,Male,3,73.7,70.5,1,64.3,85.4,2.5,1.9,38457.0,No,No,47.6,14.3,Good,Low,Yes,No,Low,0,Synthetic
STU0334,18,Other,3,87.5,85.2,0,84.9,78.0,1.4,5.4,33390.0,No,Yes,78.0,4.7,Good,Medium,No,No,Low,0,Synthetic
STU0335,18,Female,1,82.4,76.4,0,50.4,59.2,3.2,1.8,14992.0,No,No,92.8,5.6,Average,Medium,No,No,Low,0,Synthetic
STU0336,18,Female,2,82.1,56.1,0,69.8,61.8,1.6,3.3,36844.0,Yes,No,,11.4,Good,High,No,Yes,Medium,0,Synthetic
STU0337,22,Male,2,84.1,100.0,0,62.8,80.9,2.9,5.4,60124.0,No,No,59.3,1.5,Good,High,Yes,No,Low,0,Synthetic
STU0338,21,Female,2,58.0,71.7,3,93.9,96.5,1.1,2.1,30792.0,No,Yes,42.6,16.2,Good,Low,No,No,High,0,Synthetic
STU0339,20,Male,1,87.8,85.9,0,86.3,73.4,2.5,4.3,11271.0,No,No,48.9,3.5,Average,Low,No,No,Low,1,Synthetic
STU0340,18,Male,2,86.0,65.9,0,55.8,74.4,5.8,1.6,42242.0,No,No,51.5,10.1,Average,Low,No,No,Low,0,Synthetic
STU0341,20,Male,3,64.8,75.5,2,,65.7,2.2,4.0,48762.0,No,No,54.8,3.1,Average,Low,No,Yes,High,0,Synthetic
STU0342,20,Male,1,74.8,79.8,1,64.1,70.8,2.6,4.6,25351.0,No,Yes,63.7,2.7,Good,Medium,No,No,Medium,0,Synthetic
STU0343,18,Female,1,77.5,85.1,2,95.1,75.9,2.5,3.4,25454.0,No,Yes,67.1,9.5,Good,Medium,No,No,Low,0,Synthetic
STU0344,19,Female,2,76.3,82.8,1,100.0,93.6,3.1,3.6,121167.0,No,Yes,9.8,5.0,Poor,Medium,No,No,Low,0,Synthetic
STU0345,19,Female,4,82.3,80.2,0,52.1,70.7,3.5,4.4,24369.0,No,No,84.5,18.1,Good,Medium,Yes,No,Low,0,Synthetic
STU0346,20,Male,3,96.6,63.6,0,92.9,94.1,3.2,2.9,18884.0,No,Yes,85.5,4.9,Good,High,Yes,No,Low,1,Synthetic
STU0347,20,Male,3,92.1,60.0,0,63.2,73.8,3.2,5.3,35487.0,No,No,45.1,12.9,Good,High,Yes,No,Low,0,Synthetic
STU0348,18,Male,2,60.9,72.7,2,73.4,53.4,2.5,6.2,48015.0,No,Yes,33.5,12.7,Good,Low,Yes,No,High,0,Synthetic
STU0349,19,Other,3,86.1,81.1,1,78.6,90.7,3.0,1.6,46908.0,Yes,No,55.2,10.7,Good,High,Yes,No,Low,0,Synthetic
STU0350,20,Male,1,95.3,64.9,0,100.0,71.7,2.5,7.0,9006.0,No,Yes,86.5,6.0,Good,Low,No,No,Low,0,Synthetic
STU0351,20,Female,3,83.0,82.9,0,59.9,59.9,0.2,2.9,24336.0,Yes,No,64.9,8.4,Good,High,Yes,No,Low,0,Synthetic
STU0352,22,Female,4,92.2,88.3,0,93.0,84.0,6.7,7.5,65986.0,No,No,51.7,4.6,Good,High,No,No,Low,0,Synthetic
STU0353,21,Male,3,100.0,55.2,0,56.9,64.2,3.9,2.9,41889.0,Yes,No,53.0,5.8,Average,High,No,No,Low,0,Synthetic
STU0354,18,Female,4,91.3,56.3,1,55.7,79.5,1.3,4.9,17737.0,Yes,No,69.7,10.7,Good,High,Yes,No,Low,0,Synthetic
STU0355,18,Female,3,81.2,66.0,1,78.5,74.3,3.1,4.9,69316.0,No,Yes,58.6,6.0,Good,High,No,Yes,Medium,0,Synthetic
STU0356,21,Female,1,91.6,72.3,0,78.4,91.2,0.8,2.7,59504.0,Yes,No,56.1,10.3,Average,High,Yes,No,Low,1,Synthetic
STU0357,17,Female,4,79.9,60.7,0,27.0,51.1,2.1,3.6,29732.0,No,No,70.0,8.9,Poor,Medium,No,Yes,High,1,Synthetic
STU0358,20,Male,1,78.3,86.9,1,98.9,90.6,0.6,6.4,56773.0,No,Yes,32.3,1.7,Good,High,No,No,Low,0,Synthetic
STU0359,23,Male,2,73.4,73.9,1,39.5,65.5,2.7,2.9,105132.0,Yes,No,58.6,14.1,Average,High,Yes,No,Low,0,Synthetic
STU0360,20,Female,1,98.3,68.6,1,75.4,86.9,0.4,2.7,19598.0,Yes,Yes,47.3,2.0,Good,High,No,No,Low,0,Synthetic
STU0361,19,Female,1,67.4,47.9,0,100.0,69.2,3.4,1.2,47505.0,No,No,57.9,6.4,Good,Medium,No,No,Low,0,Synthetic
STU0362,21,Male,2,97.9,49.6,0,100.0,81.1,3.8,6.6,104336.0,Yes,No,,11.1,Good,Medium,Yes,Yes,Low,0,Synthetic
STU0363,20,Female,2,84.5,71.9,0,71.5,73.8,1.6,2.5,50125.0,No,No,53.7,5.7,Good,Medium,No,No,Low,0,Synthetic
STU0364,20,Female,2,59.8,38.1,1,52.2,37.4,3.0,5.9,23114.0,No,No,76.2,11.9,Average,High,No,No,High,1,Synthetic
STU0365,23,Female,3,82.8,82.2,0,100.0,88.0,1.5,2.3,39915.0,Yes,Yes,50.5,1.9,Good,High,Yes,No,Low,0,Synthetic
STU0366,19,Male,1,50.7,65.8,1,93.6,67.2,3.6,5.8,74350.0,Yes,No,40.1,14.6,Good,Medium,No,No,Low,0,Synthetic
STU0367,23,Female,1,86.1,100.0,2,69.2,89.0,1.8,5.1,20019.0,No,Yes,53.2,9.7,Average,Medium,Yes,Yes,Low,1,Synthetic
STU0368,22,Female,3,89.5,100.0,0,66.9,85.5,4.0,3.0,34425.0,No,No,74.7,12.3,Good,High,No,No,Low,0,Synthetic
STU0369,18,Male,2,70.3,65.5,0,65.1,77.7,0.2,2.0,30613.0,Yes,Yes,65.9,2.9,Average,Medium,Yes,No,Medium,0,Synthetic
STU0370,18,Male,3,79.6,66.5,1,71.8,73.5,1.3,2.2,24731.0,Yes,No,72.8,3.4,Average,High,No,No,Low,0,Synthetic
STU0371,18,Female,3,100.0,81.9,3,83.7,84.4,1.1,2.2,39973.0,No,No,68.8,12.1,Good,High,No,No,Low,0,Synthetic
STU0372,17,Male,4,71.4,91.8,0,67.8,76.7,3.1,5.6,33114.0,No,No,85.7,2.6,Poor,Medium,Yes,No,Low,0,Synthetic
STU0373,18,Female,3,64.2,45.1,1,70.1,66.3,3.6,3.8,49859.0,No,No,76.9,12.0,Good,Medium,Yes,No,Medium,0,Synthetic
STU0374,21,Female,2,97.3,43.0,0,89.5,,3.2,1.3,65554.0,No,No,52.7,0.5,Good,High,Yes,No,Low,0,Synthetic
STU0375,18,Male,3,100.0,59.3,1,51.3,65.0,2.0,3.0,17379.0,No,No,69.9,3.2,Good,High,No,No,Medium,1,Synthetic
STU0376,19,Female,1,78.0,,2,71.2,69.5,0.2,3.2,36324.0,No,No,54.1,18.1,Average,Low,Yes,No,Medium,1,Synthetic
STU0377,22,Male,2,91.1,75.0,1,47.8,,2.9,0.0,33992.0,No,No,70.3,5.7,Average,Medium,No,No,Low,1,Synthetic
STU0378,17,Female,3,95.4,83.0,0,80.0,90.5,4.0,3.1,39143.0,No,No,67.8,6.5,Good,Low,No,No,Low,0,Synthetic
STU0379,22,Male,2,68.3,51.2,0,43.1,55.2,6.8,4.9,34703.0,No,No,52.4,1.6,Good,Medium,No,No,Low,0,Synthetic
STU0380,19,Female,3,71.7,35.6,0,94.0,48.8,2.2,3.2,20409.0,No,No,75.5,10.4,Good,Medium,Yes,No,Medium,0,Synthetic
STU0381,18,Male,4,94.0,80.0,1,54.3,62.7,1.8,4.0,77903.0,No,Yes,55.9,11.8,Average,High,Yes,No,Low,0,Synthetic
STU0382,21,Male,4,99.9,56.4,0,46.1,66.1,3.3,4.5,98471.0,No,No,22.2,7.0,Average,High,No,No,Low,0,Synthetic
STU0383,20,Female,4,85.3,39.7,0,71.5,62.8,2.4,2.8,47282.0,No,Yes,58.4,4.0,Average,High,No,No,Medium,1,Synthetic
STU0384,22,Male,2,66.6,70.0,2,100.0,79.4,4.7,5.0,,Yes,Yes,54.8,20.5,Average,Medium,No,No,Low,0,Synthetic
STU0385,21,Female,2,100.0,79.1,0,90.8,86.8,1.6,6.4,37616.0,Yes,No,59.9,5.0,Good,High,No,No,Low,1,Synthetic
STU0386,22,Male,3,71.1,66.3,0,43.4,72.2,2.4,0.5,59645.0,No,No,39.7,3.8,Good,Medium,Yes,No,Low,0,Synthetic
STU0387,19,Female,2,73.6,61.6,0,53.8,44.7,4.1,2.8,9130.0,Yes,No,49.4,8.2,Good,High,No,No,Low,0,Synthetic
STU0388,18,Male,3,82.5,65.8,2,70.9,75.9,3.3,8.2,34926.0,No,Yes,52.0,1.2,Average,High,Yes,No,Medium,0,Synthetic
STU0389,21,Female,3,98.2,62.8,0,100.0,94.8,4.5,3.8,25544.0,Yes,No,54.0,14.1,Good,,No,No,Low,0,Synthetic
STU0390,22,Male,3,89.1,49.1,0,61.1,72.9,2.1,3.4,,No,No,64.1,3.5,Good,High,No,No,Low,1,Synthetic
STU0391,24,Male,2,83.4,58.0,1,61.2,74.3,4.7,3.0,63834.0,Yes,Yes,53.9,7.1,Poor,High,Yes,No,Low,0,Synthetic
STU0392,19,Male,1,84.0,75.3,2,100.0,94.4,0.3,6.0,35368.0,No,No,64.6,1.5,Average,High,No,No,Low,1,Synthetic
STU0393,19,Male,2,78.6,72.5,2,81.5,73.0,0.4,1.6,28705.0,No,No,46.8,7.0,Good,High,No,No,Low,1,Synthetic
STU0394,21,Female,1,85.3,70.4,0,97.0,76.1,4.7,5.4,16176.0,Yes,No,55.1,17.9,Average,Medium,No,No,Low,0,Synthetic
STU0395,19,Male,4,45.1,54.1,0,64.9,38.5,2.8,2.9,32958.0,No,Yes,54.4,1.1,Poor,Medium,Yes,No,High,1,Synthetic
STU0396,23,Female,2,74.1,65.5,2,76.2,69.4,4.2,2.0,50658.0,Yes,Yes,55.0,9.6,Good,High,Yes,No,Low,0,Synthetic
STU0397,22,Male,1,81.1,37.5,3,100.0,68.4,2.9,3.0,22038.0,Yes,No,62.2,4.4,Good,Medium,Yes,No,Medium,0,Synthetic
STU0398,19,Male,1,63.0,70.5,1,75.4,78.9,2.8,3.4,11629.0,No,No,74.1,16.4,Good,Medium,Yes,No,Medium,0,Synthetic
STU0399,21,Female,3,83.0,88.0,2,98.2,87.5,0.8,2.5,122264.0,Yes,No,37.8,3.2,Good,High,No,No,Low,0,Synthetic
STU0400,21,Female,3,75.3,47.4,2,85.0,62.1,2.8,5.7,42085.0,No,Yes,46.2,9.6,Average,Medium,No,No,Medium,0,Synthetic
STU0401,18,Male,2,100.0,59.8,1,59.3,64.2,4.8,2.0,30984.0,Yes,No,51.1,7.7,Good,Medium,Yes,No,Low,0,Synthetic
STU0402,22,Male,1,98.4,72.6,0,77.7,99.3,2.9,3.8,75218.0,No,No,46.5,15.1,Good,High,No,No,Low,0,Synthetic
STU0403,20,Male,2,71.9,85.5,0,95.7,84.1,3.8,4.6,37832.0,No,Yes,58.9,12.7,Good,Low,No,No,Low,0,Synthetic
STU0404,22,Female,2,76.0,61.7,0,90.0,,3.8,3.8,72818.0,No,No,54.8,6.2,Good,Medium,Yes,No,Low,0,Synthetic
STU0405,19,Female,3,77.0,58.3,1,77.3,72.5,1.3,5.0,69467.0,No,No,47.3,6.6,Good,Low,Yes,No,Low,1,Synthetic
STU0406,22,Male,3,72.1,40.4,2,43.9,67.9,4.1,2.6,17363.0,No,Yes,88.9,11.8,Average,Medium,Yes,No,High,1,Synthetic
STU0407,19,Female,2,80.5,69.4,0,45.7,61.9,2.3,4.7,45076.0,No,No,37.9,2.5,Good,High,No,No,Low,0,Synthetic
STU0408,17,Female,1,68.1,96.6,1,49.5,75.6,2.4,4.8,90401.0,No,No,48.9,6.7,Average,High,No,Yes,Low,0,Synthetic
STU0409,22,Female,4,63.3,71.9,2,68.8,77.3,5.9,5.4,20208.0,Yes,No,69.3,4.8,Average,Medium,No,No,Medium,1,Synthetic
STU0410,18,Female,2,86.1,67.7,1,71.2,60.2,3.7,0.0,20345.0,No,No,50.0,2.6,Good,Low,Yes,No,Low,1,Synthetic
STU0411,19,Male,3,86.2,72.5,0,51.4,64.8,1.8,4.5,22329.0,Yes,No,41.3,8.0,Average,Medium,No,No,Low,0,Synthetic
STU0412,23,Male,1,67.5,67.8,1,96.4,86.2,2.9,5.3,57116.0,Yes,No,38.7,11.8,Average,Low,Yes,Yes,Low,0,Synthetic
STU0413,23,Male,2,89.6,56.6,1,55.3,62.1,2.9,2.7,40926.0,No,No,73.1,4.8,Good,High,No,No,Low,0,Synthetic
STU0414,20,Male,1,69.8,79.5,1,53.3,70.3,5.3,2.4,12069.0,No,No,83.3,10.4,Good,High,No,No,Medium,1,Synthetic
STU0415,20,Female,2,81.3,71.2,1,79.6,71.6,2.9,2.1,42219.0,No,Yes,56.6,10.1,Average,Low,Yes,No,Medium,0,Synthetic
STU0416,20,Female,4,88.7,68.2,0,95.5,81.4,6.1,1.4,30472.0,No,No,58.5,11.3,Poor,Medium,No,No,Low,0,Synthetic
STU0417,19,Male,2,77.6,54.3,1,100.0,73.9,0.9,4.8,32904.0,Yes,Yes,51.6,11.4,Good,Low,No,No,Medium,1,Synthetic
STU0418,19,Male,1,83.9,86.2,2,88.5,91.3,2.8,8.1,22087.0,Yes,Yes,63.9,15.6,Good,Medium,No,No,Low,0,Synthetic
STU0419,21,Male,1,71.3,77.3,1,100.0,84.8,1.7,2.4,42389.0,Yes,No,,9.4,Good,High,Yes,No,Low,1,Synthetic
STU0420,21,Female,2,75.4,60.3,2,56.2,64.9,2.1,2.6,62371.0,No,No,70.6,13.2,Good,Medium,No,No,Medium,0,Synthetic
STU0421,21,Male,1,75.3,82.0,1,100.0,100.0,2.1,3.5,24588.0,No,No,50.3,1.2,Good,Low,No,No,Low,0,Synthetic
STU0422,21,Female,1,68.3,61.0,0,44.5,,1.7,0.3,13874.0,Yes,No,74.2,17.5,Good,Medium,No,No,Medium,0,Synthetic
STU0423,18,Male,3,75.7,57.1,0,68.9,51.9,5.4,2.1,29625.0,No,No,84.2,1.4,Good,High,No,No,Low,1,Synthetic
STU0424,20,Male,2,57.9,57.4,1,88.1,64.8,4.9,3.4,53054.0,No,No,63.1,22.3,Good,High,No,No,Medium,0,Synthetic
STU0425,18,Other,2,71.6,43.2,2,49.1,74.6,3.4,1.7,27765.0,No,No,50.4,4.1,Good,Medium,Yes,No,High,1,Synthetic
STU0426,20,Female,4,74.3,74.6,0,61.3,65.2,2.1,5.9,15359.0,No,No,50.3,7.8,Good,High,No,Yes,Medium,0,Synthetic
STU0427,20,Male,1,74.7,42.4,1,58.5,76.0,1.8,0.9,53257.0,No,No,57.0,3.9,Good,Medium,Yes,Yes,High,0,Synthetic
STU0428,22,Female,4,74.9,50.8,1,72.4,63.4,3.9,5.3,76233.0,No,No,46.3,15.5,Good,High,Yes,No,Low,0,Synthetic
STU0429,19,Female,2,77.2,38.9,1,100.0,71.8,3.3,6.4,35387.0,Yes,No,75.6,7.3,Average,High,No,No,Low,0,Synthetic
STU0430,18,Female,4,84.2,66.8,0,78.3,83.8,2.6,4.3,14471.0,Yes,No,75.8,6.5,Poor,Medium,No,No,Low,0,Synthetic
STU0431,18,Male,3,89.4,65.9,0,69.7,74.7,3.6,3.2,29387.0,Yes,Yes,57.4,10.4,Good,Medium,No,No,Low,0,Synthetic
STU0432,21,Female,4,,63.4,0,26.1,56.5,4.1,4.0,38042.0,No,No,53.2,9.9,Good,Medium,No,No,Medium,0,Synthetic
STU0433,20,Female,4,62.4,53.4,0,86.4,80.7,2.6,2.6,22421.0,No,No,50.4,4.8,Good,High,Yes,No,Low,0,Synthetic
STU0434,18,Female,2,64.5,51.6,1,92.2,76.4,1.6,0.0,48241.0,No,No,57.3,8.5,Good,Low,Yes,No,Medium,0,Synthetic
STU0435,18,Male,4,71.7,74.5,0,47.4,65.2,0.8,1.5,21248.0,Yes,Yes,49.6,8.5,Good,High,No,No,Medium,1,Synthetic
STU0436,21,Male,2,73.4,60.3,1,76.8,84.0,3.2,3.5,35497.0,No,No,71.7,2.1,Good,High,No,No,Low,0,Synthetic
STU0437,18,Male,2,68.0,72.4,0,81.5,81.1,6.1,1.6,30870.0,No,No,69.7,6.5,Average,Low,No,No,Low,0,Synthetic
STU0438,22,Female,2,61.2,55.6,0,95.4,65.6,1.1,2.7,,No,No,62.0,18.1,Good,Medium,No,No,Medium,0,Synthetic
STU0439,21,Male,2,72.1,70.5,2,65.0,85.0,4.4,4.5,,No,No,45.2,11.2,Good,High,No,No,Low,0,Synthetic
STU0440,18,Female,1,80.4,86.2,1,62.2,80.9,1.8,3.8,31415.0,No,No,60.6,4.0,Average,Low,No,No,Low,0,Synthetic
STU0441,18,Female,3,85.7,76.2,1,69.8,75.6,2.1,5.6,22506.0,Yes,No,61.3,10.3,Average,Medium,Yes,No,Low,0,Synthetic
STU0442,24,Male,2,70.8,62.2,1,100.0,62.3,11.0,4.1,35676.0,Yes,No,62.0,12.5,Good,Low,No,No,Low,1,Synthetic
STU0443,19,Female,3,72.6,71.6,0,96.8,69.7,2.4,4.2,30333.0,Yes,No,69.2,21.3,Good,Medium,No,No,Low,0,Synthetic
STU0444,19,Male,4,66.0,64.6,0,77.6,83.2,3.2,2.1,21684.0,No,No,60.2,9.5,Good,Medium,No,No,Low,0,Synthetic
STU0445,22,Female,2,77.6,68.1,1,96.4,95.2,3.1,0.8,38209.0,Yes,No,54.0,13.9,Good,High,No,No,Low,0,Synthetic
STU0446,23,Male,2,67.0,63.4,1,35.4,55.5,1.8,2.7,42757.0,No,No,66.1,15.3,Good,High,No,No,High,0,Synthetic
STU0447,24,Female,1,85.5,65.7,0,92.2,67.7,4.1,2.0,29056.0,No,Yes,,4.3,Good,Medium,No,Yes,Low,0,Synthetic
STU0448,21,Female,1,54.8,71.0,1,57.9,52.0,2.7,3.2,58423.0,Yes,Yes,42.7,3.6,Good,Medium,Yes,No,Medium,1,Synthetic
STU0449,19,Female,1,73.3,54.1,1,100.0,63.9,0.7,1.4,40469.0,No,Yes,58.9,2.5,Average,High,No,No,Medium,1,Synthetic
STU0450,18,Female,2,81.9,53.8,1,58.8,52.1,1.5,5.2,17274.0,Yes,No,78.9,10.7,Average,High,Yes,Yes,High,1,Synthetic
STU0451,21,Female,1,80.4,48.6,0,62.7,80.9,0.2,2.0,73033.0,No,No,34.2,3.2,Good,High,Yes,No,Low,0,Synthetic
STU0452,20,Female,4,100.0,45.6,1,88.1,96.0,2.9,2.8,,No,Yes,75.1,3.9,Good,Low,Yes,No,Low,0,Synthetic
STU0453,19,Female,3,82.5,51.0,0,89.9,66.7,4.8,3.5,60725.0,Yes,Yes,34.5,11.8,Good,Medium,Yes,No,Low,0,Synthetic
STU0454,22,Female,2,64.9,70.2,1,70.0,68.2,1.2,5.7,43625.0,No,No,76.2,5.8,Good,Medium,No,No,Medium,0,Synthetic
STU0455,18,Male,3,76.8,55.5,1,84.7,62.9,3.7,7.0,9676.0,No,No,85.5,12.3,Good,Low,No,No,Medium,0,Synthetic
STU0456,20,Female,1,54.9,75.2,0,86.9,72.1,3.4,7.2,63834.0,No,No,32.3,13.8,,Medium,Yes,No,Low,0,Synthetic
STU0457,17,Female,2,77.0,68.5,0,85.1,90.4,1.7,0.9,36190.0,No,No,40.9,3.2,Average,Low,No,No,Low,0,Synthetic
STU0458,20,Female,3,67.2,40.4,2,70.7,69.0,5.1,2.8,42505.0,Yes,No,66.6,6.8,Average,High,Yes,No,Medium,0,Synthetic
STU0459,18,Male,2,89.9,77.2,0,87.1,91.6,2.4,2.4,47113.0,No,No,51.6,14.3,Average,High,No,No,Low,0,Synthetic
STU0460,18,Female,2,70.9,79.4,1,100.0,82.1,5.8,4.2,101525.0,Yes,No,22.3,7.8,Poor,High,Yes,No,Low,0,Synthetic
STU0461,18,Male,4,76.5,54.1,3,55.9,72.7,0.3,4.1,25918.0,Yes,Yes,86.4,22.9,Average,Medium,Yes,No,High,1,Synthetic
STU0462,21,Female,4,69.7,73.9,1,62.9,73.8,2.4,2.3,26288.0,Yes,Yes,50.2,12.4,Poor,Low,Yes,No,High,0,Synthetic
STU0463,21,Male,3,100.0,56.0,1,78.5,82.5,2.6,2.2,21917.0,Yes,Yes,57.5,4.6,Good,Medium,No,No,Low,0,Synthetic
STU0464,20,Female,3,73.8,69.4,1,59.0,66.4,2.7,1.5,19431.0,No,No,59.9,14.8,Good,High,No,No,Medium,1,Synthetic
STU0465,23,Other,3,100.0,50.3,1,45.5,68.6,3.9,0.0,19629.0,Yes,No,33.6,13.5,Good,Medium,Yes,No,Low,0,Synthetic
STU0466,19,Male,1,88.6,42.9,1,97.7,80.4,7.9,0.9,,No,Yes,71.0,6.7,Poor,Medium,Yes,No,Medium,0,Synthetic
STU0467,19,Female,2,84.3,62.6,0,37.9,57.2,3.5,5.2,44257.0,No,No,46.4,14.5,Good,High,Yes,No,Low,0,Synthetic
STU0468,22,Male,1,82.8,66.3,1,70.8,67.5,2.8,6.4,104443.0,No,No,42.9,13.5,Good,Medium,No,No,Low,0,Synthetic
STU0469,19,Female,2,83.1,62.4,1,91.7,71.9,1.2,6.2,108171.0,,No,43.0,10.2,Good,Low,No,No,Low,0,Synthetic
STU0470,23,Female,2,52.9,51.4,2,82.8,55.5,0.2,5.3,21901.0,Yes,Yes,69.0,10.4,Average,Medium,Yes,Yes,High,1,Synthetic
STU0471,17,Female,1,74.4,62.4,0,71.0,68.1,4.6,1.5,30134.0,No,No,65.9,10.3,Good,Medium,Yes,No,Low,0,Synthetic
STU0472,23,Female,4,89.0,71.8,4,58.2,70.2,2.0,1.1,68971.0,No,No,49.4,12.3,Average,High,No,No,Medium,0,Synthetic
STU0473,18,Female,4,,67.4,1,84.2,71.8,6.7,0.0,44396.0,Yes,Yes,48.8,9.4,Poor,High,No,No,Low,0,Synthetic
STU0474,22,Male,3,59.7,70.6,0,60.2,57.6,4.1,2.3,37688.0,No,No,52.5,3.8,Average,Medium,No,No,Low,1,Synthetic
STU0475,20,Male,2,77.3,58.6,1,82.8,76.0,3.3,3.7,30391.0,No,No,78.7,6.9,Good,Medium,Yes,No,Low,0,Synthetic
STU0476,24,Female,4,100.0,84.4,1,80.5,99.5,3.4,1.5,66914.0,Yes,No,57.1,4.0,Good,High,No,No,Low,0,Synthetic
STU0477,18,Female,1,94.2,51.5,0,80.7,76.6,3.4,4.4,19398.0,Yes,No,69.7,11.6,Good,High,No,No,Low,0,Synthetic
STU0478,20,Female,3,77.2,74.8,1,66.5,72.1,1.8,4.8,45596.0,Yes,No,64.0,9.5,Good,Low,No,Yes,Medium,1,Synthetic
STU0479,23,Female,1,90.4,,0,100.0,84.5,0.2,2.6,42312.0,No,No,57.3,15.1,Good,Medium,No,Yes,Low,0,Synthetic
STU0480,20,Male,3,73.2,74.7,3,84.4,75.8,2.0,0.8,35845.0,No,Yes,62.9,2.7,Average,Medium,No,No,High,0,Synthetic
STU0481,20,Female,1,55.8,65.2,1,73.0,,2.8,6.3,53979.0,No,No,60.5,16.2,Good,High,No,No,Medium,0,Synthetic
STU0482,21,Male,4,66.0,60.6,0,82.8,78.6,1.8,3.6,35656.0,No,No,35.8,0.8,Average,,Yes,No,Low,0,Synthetic
STU0483,20,Female,4,98.3,82.5,3,64.1,89.3,0.9,7.4,26085.0,No,No,75.4,3.4,Poor,High,No,No,Medium,0,Synthetic
STU0484,20,Male,1,74.4,48.1,1,71.0,72.8,1.7,3.7,36827.0,No,No,70.3,3.1,Good,Medium,No,No,Medium,0,Synthetic
STU0485,20,Male,2,74.8,54.4,1,100.0,81.0,4.4,3.8,14581.0,No,Yes,59.8,8.6,Poor,High,No,No,Medium,0,Synthetic
STU0486,22,Male,4,74.1,62.4,0,64.2,70.3,3.9,1.6,49026.0,No,No,70.3,4.9,Average,Medium,Yes,No,Low,0,Synthetic
STU0487,18,Male,2,100.0,85.3,2,76.6,89.4,3.1,2.7,56423.0,No,No,25.8,7.7,Good,,No,No,Low,0,Synthetic
STU0488,19,Female,4,99.1,73.3,0,69.8,77.8,3.7,0.4,24391.0,No,No,69.5,3.0,Good,High,No,No,Low,0,Synthetic
STU0489,23,Male,3,100.0,54.4,1,59.3,72.7,1.1,0.8,,No,No,66.9,8.8,Good,Medium,No,No,Low,0,Synthetic
STU0490,22,Male,2,75.9,63.7,0,85.6,77.4,1.6,5.0,24890.0,No,Yes,61.3,3.7,Good,Medium,Yes,No,Medium,0,Synthetic
STU0491,20,Male,2,81.8,59.4,0,78.7,79.1,3.3,2.9,33808.0,Yes,Yes,61.7,9.1,Average,Low,Yes,No,Low,0,Synthetic
STU0492,20,Male,1,58.3,58.1,0,94.4,71.7,1.3,2.7,39413.0,Yes,No,66.2,7.6,Good,Low,Yes,No,Medium,0,Synthetic
STU0493,19,Male,3,97.2,81.7,2,92.6,100.0,3.0,2.0,85104.0,No,No,19.3,2.5,Average,High,No,No,Low,0,Synthetic
STU0494,18,Male,2,62.8,48.8,2,94.2,59.9,0.9,2.7,79388.0,Yes,No,55.3,1.6,Good,High,No,No,Medium,1,Synthetic
STU0495,20,Female,2,80.8,90.5,0,61.5,83.0,0.3,5.8,55296.0,No,Yes,48.0,8.2,Good,Medium,No,No,Low,0,Synthetic
STU0496,19,Female,2,63.7,79.6,0,89.5,77.2,3.9,3.8,37414.0,No,No,72.2,8.8,Good,Medium,No,No,Low,0,Synthetic
STU0497,20,Female,3,70.3,83.3,0,90.0,81.1,4.3,1.1,21021.0,Yes,No,74.3,10.0,Good,High,No,No,Low,1,Synthetic
STU0498,18,Male,4,67.1,61.5,2,59.6,56.3,1.9,5.6,88160.0,Yes,No,34.6,1.7,Good,Medium,No,No,Low,0,Synthetic
STU0499,24,Male,4,70.1,65.9,1,72.3,77.8,0.5,7.0,30543.0,Yes,Yes,61.8,17.0,Good,Medium,No,No,High,1,Synthetic
STU0500,24,Female,2,71.0,47.9,2,51.8,62.6,0.2,4.5,40858.0,Yes,No,58.4,7.4,Average,High,No,No,High,1,Synthetic
STU0501,21,Female,4,70.9,60.7,1,90.1,81.2,5.6,5.3,49422.0,No,No,74.5,8.5,Average,Low,No,No,Low,0,Synthetic
STU0502,20,Male,3,88.8,74.9,1,90.0,86.4,3.0,5.9,36206.0,No,No,46.8,1.1,Good,High,No,No,Low,0,Synthetic
STU0503,19,Male,3,63.6,86.1,0,100.0,80.5,1.9,0.2,65921.0,No,No,43.4,2.0,Good,Medium,Yes,No,Low,0,Synthetic
STU0504,22,Male,4,80.9,52.5,1,73.9,69.4,2.3,7.2,44962.0,No,No,38.0,10.9,Good,Medium,Yes,No,Low,0,Synthetic
STU0505,21,Male,1,93.8,62.9,0,86.1,85.3,0.2,5.7,,No,No,52.4,9.6,Good,High,No,No,Low,0,Synthetic
STU0506,18,Male,1,71.3,65.9,1,95.8,62.2,3.7,4.5,44763.0,No,Yes,49.6,6.0,Average,Medium,No,No,Low,0,Synthetic
STU0507,23,Female,4,68.7,48.5,1,64.4,68.1,5.8,3.2,34278.0,No,Yes,55.3,12.3,,Medium,No,No,High,0,Synthetic
STU0508,22,Female,2,75.0,76.3,2,61.7,90.1,1.6,0.8,36458.0,No,Yes,78.2,6.0,Average,Low,Yes,No,High,1,Synthetic
STU0509,23,Female,4,93.3,57.9,3,65.0,76.6,6.4,2.8,33822.0,Yes,No,51.6,6.8,Good,High,No,Yes,Low,0,Synthetic
STU0510,21,Female,4,80.5,65.3,0,71.7,70.6,2.6,4.4,17270.0,Yes,No,66.2,15.2,Average,Medium,No,No,Low,0,Synthetic
STU0511,20,Female,1,,61.7,1,,63.9,5.3,1.3,20184.0,Yes,No,61.4,2.0,Good,Medium,No,No,Medium,0,Synthetic
STU0512,19,Female,4,84.3,56.9,1,,75.3,3.3,3.4,52596.0,Yes,Yes,49.2,6.6,Poor,Medium,No,Yes,Medium,0,Synthetic
STU0513,23,Female,2,63.7,67.9,0,93.9,73.5,3.3,1.1,17509.0,No,No,100.0,13.7,Good,Low,No,No,Low,0,Synthetic
STU0514,22,Male,2,86.9,65.0,0,76.3,83.6,5.6,2.7,28023.0,Yes,No,43.0,21.2,Good,High,No,No,Low,0,Synthetic
STU0515,18,Male,3,83.3,62.8,0,83.5,75.8,4.0,0.8,19644.0,No,No,74.9,4.9,Good,High,No,No,Low,0,Synthetic
STU0516,17,Male,4,74.0,57.8,2,68.1,80.8,3.4,0.6,27210.0,,Yes,93.2,11.8,Good,Medium,Yes,No,High,1,Synthetic
STU0517,19,Female,1,67.1,72.5,1,66.9,82.1,0.2,4.2,32135.0,No,No,75.1,15.3,Average,High,Yes,No,Medium,1,Synthetic
STU0518,22,Female,2,66.5,91.2,1,83.1,77.1,0.5,2.3,27992.0,No,No,64.4,11.8,Average,Low,Yes,No,Low,0,Synthetic
STU0519,24,Male,3,85.0,70.0,3,80.3,78.2,3.5,2.5,15955.0,Yes,No,54.5,45.0,Good,Medium,Yes,No,Low,0,Synthetic
STU0520,18,Female,3,94.0,81.9,2,,89.5,5.0,2.2,31605.0,No,No,78.0,2.2,Average,Medium,Yes,No,Low,0,Synthetic
STU0521,20,Male,3,69.7,48.5,2,100.0,73.9,3.0,8.9,20655.0,Yes,Yes,78.0,9.3,Good,Medium,Yes,No,High,1,Synthetic
STU0522,19,Female,1,84.0,70.2,1,65.6,65.8,1.9,4.7,24661.0,No,No,46.8,6.3,,Medium,Yes,No,Low,0,Synthetic
STU0523,23,Male,2,50.9,52.6,1,93.5,57.6,0.2,4.9,52596.0,No,No,50.1,10.0,Poor,Medium,Yes,No,High,1,Synthetic
STU0524,22,Male,2,70.4,47.3,1,58.6,69.3,1.6,1.9,59194.0,No,No,36.8,12.7,Average,High,Yes,No,Medium,0,Synthetic
STU0525,22,Female,4,77.6,57.6,0,100.0,88.2,3.0,4.5,17019.0,No,No,33.9,5.7,Good,High,Yes,No,Low,0,Synthetic
STU0526,20,Male,1,66.2,84.7,2,63.8,79.5,1.5,3.0,82940.0,No,Yes,27.1,4.4,Good,High,No,No,Low,0,Synthetic
STU0527,19,Male,1,65.8,81.3,0,90.4,78.5,1.4,1.9,26438.0,Yes,Yes,65.7,3.5,Good,Medium,No,No,Low,1,Synthetic
STU0528,19,Male,4,69.3,71.4,1,58.4,81.3,2.7,7.4,25148.0,Yes,No,71.9,4.4,Average,Medium,Yes,No,Low,0,Synthetic
STU0529,18,Female,1,81.8,46.5,0,75.3,68.8,5.0,4.6,,No,No,62.5,10.5,Poor,High,No,No,Medium,0,Synthetic
STU0530,22,Female,4,75.6,65.3,0,100.0,88.0,3.8,4.5,36093.0,No,No,77.1,2.9,Good,Medium,No,No,Low,0,Synthetic
STU0531,22,Male,3,48.9,72.2,0,63.3,49.8,3.2,1.6,104084.0,No,No,45.7,12.0,Average,High,No,No,Low,0,Synthetic
STU0532,24,Female,4,50.4,70.5,1,100.0,72.0,3.1,1.0,15007.0,Yes,Yes,67.5,19.1,Good,Low,Yes,No,High,1,Synthetic
STU0533,24,Female,2,70.1,42.2,0,77.9,63.2,3.6,3.4,11292.0,No,No,67.5,9.5,Good,High,No,No,Medium,1,Synthetic
STU0534,20,Male,1,83.9,55.5,0,95.6,79.0,2.6,2.4,,No,Yes,63.4,14.1,Poor,Low,Yes,No,Medium,1,Synthetic
STU0535,21,Male,3,42.3,67.1,0,85.3,54.2,2.2,4.7,47870.0,No,No,55.6,6.8,Good,Medium,Yes,No,Medium,1,Synthetic
STU0536,23,Male,4,71.5,75.5,1,86.2,83.5,3.9,4.9,36029.0,No,No,43.5,12.2,Good,Medium,Yes,No,Low,0,Synthetic
STU0537,22,Male,3,71.2,37.3,0,52.3,62.6,2.5,3.6,48572.0,No,No,52.0,1.3,Average,High,Yes,No,Medium,1,Synthetic
STU0538,19,Female,1,96.0,65.7,1,69.5,71.7,1.0,5.2,18787.0,Yes,No,75.5,4.3,Good,Low,No,No,Low,0,Synthetic
STU0539,20,Male,3,73.0,70.0,0,99.5,72.2,5.0,3.9,20815.0,No,Yes,82.5,13.7,Good,High,No,No,Low,0,Synthetic
STU0540,18,Female,3,83.0,79.9,4,71.8,72.0,0.2,1.8,37469.0,Yes,No,71.5,22.0,Poor,Medium,No,No,High,0,Synthetic
STU0541,23,Female,3,79.8,77.7,0,80.5,83.4,5.1,3.1,92046.0,Yes,No,42.2,11.9,Average,Low,Yes,No,Low,0,Synthetic
STU0542,20,Male,3,50.3,76.2,3,50.1,53.2,3.6,3.8,47642.0,No,No,73.4,3.4,Average,Low,Yes,No,High,1,Synthetic
STU0543,19,Female,4,88.0,56.8,0,68.3,70.7,1.3,5.4,48877.0,No,No,60.5,18.3,Good,Medium,Yes,No,Low,0,Synthetic
STU0544,21,Male,3,80.8,41.3,3,98.2,66.5,2.8,3.9,19391.0,No,No,66.2,6.1,Good,Low,Yes,No,High,1,Synthetic
STU0545,20,Female,1,84.6,62.5,0,54.9,83.4,2.2,2.4,44153.0,No,No,75.1,9.1,Poor,Medium,No,No,Low,0,Synthetic
STU0546,19,Female,2,100.0,82.0,0,90.9,92.0,4.0,5.4,18268.0,No,No,76.3,12.0,Good,High,No,No,Low,0,Synthetic
STU0547,18,Female,1,50.9,87.5,1,81.2,81.7,4.0,4.3,92538.0,Yes,No,53.6,11.8,Good,High,No,No,Low,0,Synthetic
STU0548,21,Female,2,100.0,77.9,0,73.8,88.1,3.5,6.6,20061.0,No,Yes,52.7,19.3,Good,High,No,Yes,Low,0,Synthetic
STU0549,20,Male,2,74.3,,1,73.0,73.4,3.9,3.7,22585.0,Yes,No,55.6,11.0,Good,High,No,No,Low,0,Synthetic
STU0550,21,Female,1,81.7,73.3,1,69.2,74.1,2.6,1.4,15567.0,No,No,59.0,3.3,Good,Medium,No,No,Low,1,Synthetic
STU0551,20,Female,2,77.4,60.2,2,70.8,64.1,5.4,5.9,36692.0,Yes,Yes,62.5,14.9,Average,Medium,No,No,Medium,0,Synthetic
STU0552,22,Female,1,72.5,66.2,1,,74.8,4.6,2.3,35853.0,No,Yes,82.6,13.1,Poor,High,No,No,Medium,1,Synthetic
STU0553,20,Female,4,70.6,91.4,0,70.2,68.6,2.1,4.1,80450.0,No,No,29.2,1.5,Good,Low,No,No,Low,0,Synthetic
STU0554,20,Female,4,82.3,54.8,0,100.0,71.3,4.0,3.9,53644.0,Yes,No,64.4,6.0,Average,High,No,No,Low,0,Synthetic
STU0555,22,Male,1,58.3,90.6,2,83.4,93.5,3.9,3.6,22656.0,No,No,51.5,4.8,Average,Low,Yes,No,Low,1,Synthetic
STU0556,19,Male,4,87.8,63.5,1,67.6,75.7,2.4,3.2,56583.0,Yes,No,77.8,3.2,Average,Low,No,No,Low,0,Synthetic
STU0557,18,Female,2,72.6,86.6,2,95.5,96.5,2.3,0.2,17662.0,Yes,No,48.8,8.4,Good,Low,No,No,Low,0,Synthetic
STU0558,17,Male,2,63.3,48.3,1,89.2,61.5,4.6,1.5,23577.0,Yes,No,74.5,8.6,Good,Medium,No,No,Medium,0,Synthetic
STU0559,21,Female,1,72.1,76.2,1,48.2,55.0,2.8,5.7,37356.0,No,No,70.6,5.1,Good,High,No,No,Medium,1,Synthetic
STU0560,20,Female,2,94.3,57.7,0,59.4,63.3,3.2,4.4,18780.0,No,No,74.9,14.8,Good,Medium,Yes,No,Low,0,Synthetic
STU0561,21,Male,3,71.0,48.2,0,75.9,62.5,4.9,7.3,62860.0,No,No,39.3,4.0,Good,High,No,No,Low,0,Synthetic
STU0562,18,Male,3,82.7,71.1,0,49.5,67.9,6.6,1.4,122605.0,No,No,13.3,5.1,Good,High,Yes,No,Low,0,Synthetic
STU0563,18,Female,1,68.5,82.1,1,100.0,82.4,2.0,3.4,29766.0,No,No,78.4,6.3,Good,Medium,Yes,Yes,Low,0,Synthetic
STU0564,17,Male,1,87.9,56.2,0,92.8,73.9,2.5,5.8,24457.0,No,No,77.8,11.4,Good,High,No,No,Low,0,Synthetic
STU0565,19,Female,2,86.9,47.0,2,77.8,72.4,2.9,2.4,32592.0,No,No,74.4,15.6,Good,Low,Yes,No,High,0,Synthetic
STU0566,20,Male,2,100.0,66.7,0,71.8,81.5,2.9,2.5,25759.0,No,No,78.6,3.2,Good,Low,No,No,Low,0,Synthetic
STU0567,19,Female,1,75.7,66.8,2,67.2,75.7,3.4,2.9,,No,No,40.4,10.0,,High,No,No,Low,1,Synthetic
STU0568,19,Male,2,86.7,75.7,0,42.6,79.7,2.1,2.6,16912.0,Yes,No,49.4,11.9,Good,Medium,Yes,No,Low,0,Synthetic
STU0569,22,Female,4,79.3,81.3,0,,65.6,0.9,4.6,41701.0,No,No,50.3,14.8,Average,Medium,No,No,Low,1,Synthetic
STU0570,19,Male,4,94.8,67.2,1,100.0,98.1,5.4,0.0,100174.0,No,No,29.2,5.7,Poor,Low,No,No,Low,0,Synthetic
STU0571,20,Female,2,68.7,,0,100.0,87.8,3.7,6.8,11637.0,Yes,No,63.3,6.8,Average,Medium,Yes,No,Low,0,Synthetic
STU0572,21,Male,4,87.7,71.1,1,67.6,63.5,2.2,1.6,18404.0,No,No,71.0,5.5,Average,High,No,No,Low,0,Synthetic
STU0573,19,Female,2,75.5,,0,94.3,92.7,3.5,0.0,27401.0,Yes,No,77.4,6.3,Poor,High,No,No,Low,0,Synthetic
STU0574,20,Female,2,77.2,45.4,0,87.1,89.3,5.5,3.5,47153.0,Yes,No,52.6,4.6,Good,High,No,No,Low,0,Synthetic
STU0575,22,Male,1,79.2,64.3,1,89.2,83.2,1.6,2.7,57115.0,Yes,No,42.4,7.9,Poor,Low,No,No,Low,0,Synthetic
STU0576,23,Male,3,81.3,63.3,0,52.3,66.5,3.1,3.1,54643.0,No,No,62.9,0.8,Average,High,No,No,Low,0,Synthetic
STU0577,18,Male,4,76.5,81.4,1,45.5,64.9,0.7,4.1,13803.0,No,No,66.1,3.8,Average,High,No,No,Medium,0,Synthetic
STU0578,23,Female,3,,74.5,2,99.3,81.7,2.6,4.8,24154.0,No,No,66.6,5.1,Good,Low,No,No,Low,0,Synthetic
STU0579,20,Female,2,98.5,51.5,0,42.4,74.5,3.7,6.9,21331.0,Yes,Yes,62.5,8.5,Good,Low,Yes,No,Medium,0,Synthetic
STU0580,19,Female,3,90.8,70.4,3,75.3,79.1,1.1,2.1,33767.0,No,No,65.6,12.3,Average,Low,No,No,Medium,0,Synthetic
STU0581,20,Male,1,89.3,77.4,0,71.4,92.9,2.5,5.0,35354.0,No,No,48.7,17.3,Average,Medium,Yes,No,Low,0,Synthetic
STU0582,24,Male,4,72.1,89.4,1,69.7,76.7,4.0,4.9,16482.0,Yes,No,77.1,6.3,Average,Medium,No,No,Low,0,Synthetic
STU0583,20,Female,2,66.4,80.4,1,83.7,73.4,3.7,0.0,27484.0,No,No,63.6,14.6,Good,Medium,No,No,Low,1,Synthetic
STU0584,19,Female,2,90.4,78.7,0,65.8,73.5,1.1,1.8,,Yes,No,46.6,6.6,Good,High,No,No,Low,0,Synthetic
STU0585,20,Other,3,89.4,68.8,1,85.1,75.8,3.4,0.9,24773.0,Yes,No,71.5,21.8,Good,Medium,Yes,No,Low,0,Synthetic
STU0586,19,Male,3,97.1,73.4,0,80.5,88.3,3.6,4.4,31350.0,No,No,53.3,6.9,Good,High,No,No,Low,0,Synthetic
STU0587,18,Female,1,70.1,85.5,0,100.0,74.8,3.0,4.2,89000.0,No,Yes,30.7,15.6,Good,High,Yes,No,Low,0,Synthetic
STU0588,18,Male,3,75.0,49.3,2,53.1,53.1,4.4,4.2,104571.0,Yes,No,18.8,5.2,Good,Low,No,No,Low,0,Synthetic
STU0589,18,Male,1,56.7,63.1,0,78.5,76.8,1.9,2.9,10661.0,Yes,No,50.3,4.6,Good,High,No,No,Low,0,Synthetic
STU0590,18,Female,3,72.9,57.2,0,85.8,,3.4,3.1,37263.0,Yes,No,66.5,3.9,Good,Low,No,No,Low,0,Synthetic
STU0591,18,Female,4,,73.3,2,73.4,86.4,1.1,3.4,174115.0,Yes,Yes,19.3,3.7,Good,High,Yes,No,Low,0,Synthetic
STU0592,21,Other,4,71.9,85.2,1,53.9,53.1,0.4,2.7,45546.0,Yes,No,51.4,15.1,Poor,High,No,No,Medium,0,Synthetic
STU0593,18,Male,3,86.3,59.6,1,100.0,94.7,4.0,5.1,35358.0,No,No,51.3,11.9,Average,Medium,No,No,Low,0,Synthetic
STU0594,19,Male,2,75.5,34.5,0,84.1,56.0,2.8,1.4,72048.0,No,Yes,24.4,2.6,Average,Medium,No,No,Low,0,Synthetic
STU0595,22,Female,1,82.2,62.2,0,55.2,59.7,2.1,1.9,39460.0,,Yes,33.1,5.0,,Medium,No,No,Medium,1,Synthetic
STU0596,20,Female,3,63.1,80.8,2,85.9,81.8,1.2,3.7,51696.0,No,Yes,63.0,2.5,Average,Low,Yes,No,High,1,Synthetic
STU0597,21,Male,1,79.1,75.5,2,100.0,87.5,4.0,2.8,31177.0,No,No,38.8,17.7,Good,High,No,No,Low,0,Synthetic
STU0598,18,Male,2,,74.0,0,77.3,70.1,0.5,1.3,,Yes,Yes,45.6,6.7,Poor,Low,No,No,High,1,Synthetic
STU0599,18,Male,2,75.6,64.1,0,78.0,62.8,4.3,4.6,44256.0,Yes,No,60.7,10.1,Average,High,No,Yes,Low,0,Synthetic
STU0600,18,Female,1,56.8,50.1,1,100.0,67.6,3.5,2.4,56340.0,No,No,53.5,11.3,Good,Low,No,No,Medium,0,Synthetic
STU0601,18,Male,3,93.7,,0,60.5,71.6,0.6,1.8,27602.0,Yes,No,67.9,3.5,Average,High,Yes,No,Low,0,Synthetic
STU0602,19,Male,1,88.1,56.3,1,100.0,73.8,3.0,3.2,27193.0,Yes,No,64.2,3.5,Good,Medium,No,No,Low,0,Synthetic
STU0603,18,Male,3,84.1,98.6,0,,97.2,6.8,1.7,12125.0,Yes,No,65.9,3.2,Good,Medium,Yes,No,Low,0,Synthetic
STU0604,18,Male,2,97.8,76.0,0,61.4,86.1,9.5,3.4,28287.0,No,Yes,50.0,9.6,Average,High,No,No,Low,0,Synthetic
STU0605,18,Male,1,65.7,59.9,1,66.0,61.4,1.6,2.8,59117.0,No,No,43.7,2.0,Good,Low,No,No,Medium,0,Synthetic
STU0606,20,Female,2,100.0,59.4,1,68.6,89.0,3.9,2.5,,No,No,53.5,17.3,Good,High,No,No,Low,0,Synthetic
STU0607,18,Male,1,90.1,66.7,2,45.0,61.0,0.7,2.5,20229.0,No,No,44.2,2.8,Average,High,No,No,Medium,0,Synthetic
STU0608,19,Female,1,74.9,64.6,1,82.7,86.5,0.7,5.5,12283.0,No,No,60.7,2.5,Good,Medium,Yes,No,Medium,0,Synthetic
STU0609,20,Male,3,92.8,83.6,0,62.2,83.8,2.7,4.2,32363.0,No,Yes,57.6,13.6,Average,High,Yes,No,Low,0,Synthetic
STU0610,21,Female,1,63.6,70.6,1,83.3,62.8,3.6,0.1,58173.0,Yes,No,43.5,18.0,Poor,High,Yes,Yes,Medium,0,Synthetic
STU0611,17,Female,4,67.3,57.8,1,54.8,75.9,4.0,5.3,26895.0,Yes,No,60.1,21.7,Good,Medium,Yes,No,Medium,1,Synthetic
STU0612,21,Female,1,70.1,94.5,2,94.6,82.4,4.0,4.5,15810.0,Yes,Yes,76.7,14.0,Good,Medium,No,No,Low,0,Synthetic
STU0613,20,Female,1,71.1,68.7,1,91.3,87.1,3.5,4.4,25308.0,Yes,No,74.4,0.7,Good,High,Yes,No,Low,1,Synthetic
STU0614,18,Male,3,64.3,78.8,1,65.3,70.2,0.4,5.3,41877.0,Yes,No,76.4,11.5,Good,Medium,No,No,Low,0,Synthetic
STU0615,22,Male,2,93.9,59.5,1,84.5,83.3,2.7,3.5,69317.0,Yes,No,29.2,4.1,Good,Medium,No,No,Low,0,Synthetic
STU0616,23,Female,1,74.6,73.1,0,79.5,83.1,4.3,4.7,30392.0,Yes,No,57.8,10.7,Good,Low,No,No,Low,0,Synthetic
STU0617,18,Other,2,82.6,72.4,4,100.0,92.4,3.5,2.6,62523.0,No,No,64.7,3.2,Good,Low,No,No,Low,0,Synthetic
STU0618,19,Female,1,70.6,41.5,1,59.4,55.2,3.1,5.2,58825.0,No,Yes,30.5,6.9,Good,Medium,Yes,No,High,1,Synthetic
STU0619,22,Female,4,54.3,96.2,0,75.3,78.5,3.3,3.9,18323.0,No,No,53.6,14.8,Average,Medium,Yes,No,Low,0,Synthetic
STU0620,21,Female,2,81.5,86.1,0,66.5,81.3,3.3,0.7,69633.0,No,No,39.8,5.2,Average,High,Yes,No,Low,0,Synthetic
STU0621,18,Male,3,53.1,62.4,0,78.8,66.6,0.2,5.6,41168.0,No,Yes,83.1,9.0,Average,High,No,Yes,High,0,Synthetic
STU0622,18,Male,4,77.1,52.6,0,87.6,71.8,4.5,3.2,18023.0,Yes,No,56.1,7.7,Good,Medium,No,No,Low,1,Synthetic
STU0623,19,Female,2,60.2,72.9,0,66.3,67.8,2.6,3.0,92186.0,,No,51.1,5.3,Good,Low,Yes,No,Low,0,Synthetic
STU0624,20,Female,4,100.0,69.2,0,71.4,96.5,3.9,2.6,32664.0,Yes,No,61.6,14.2,Average,Medium,No,No,Low,0,Synthetic
STU0625,20,Male,2,89.8,73.0,0,95.4,84.4,0.2,2.8,12019.0,No,Yes,56.4,7.0,Good,High,Yes,No,Low,0,Synthetic
STU0626,19,Female,4,79.4,70.7,1,100.0,,5.3,4.0,23734.0,No,No,99.1,8.1,Good,Medium,No,No,Low,0,Synthetic
STU0627,20,Male,1,94.4,75.1,0,86.9,81.0,1.1,1.5,20728.0,Yes,No,69.0,7.9,Average,Medium,No,No,Low,0,Synthetic
STU0628,21,Female,3,67.0,88.3,3,75.5,69.3,6.6,0.4,24056.0,Yes,No,69.9,10.6,Good,Medium,No,No,Low,0,Synthetic
STU0629,17,Male,2,85.1,76.0,1,73.8,100.0,6.0,1.4,27399.0,No,No,70.5,3.1,Good,Medium,No,No,Low,0,Synthetic
STU0630,19,Male,2,80.6,53.3,0,87.9,79.3,0.8,4.3,30380.0,Yes,No,68.3,12.0,Average,Medium,No,No,Low,0,Synthetic
STU0631,21,Female,3,81.4,87.1,0,82.1,87.9,4.0,3.2,29758.0,No,No,88.9,2.1,Poor,High,No,No,Low,0,Synthetic
STU0632,22,Male,3,94.5,91.0,1,48.3,82.0,1.3,5.7,33173.0,Yes,Yes,83.2,2.0,Good,Low,Yes,No,Low,0,Synthetic
STU0633,20,Female,1,87.5,100.0,0,88.3,100.0,1.8,3.4,48347.0,No,No,44.5,12.6,Good,Medium,No,No,Low,0,Synthetic
STU0634,20,Female,1,81.8,52.3,0,62.5,69.5,1.9,5.2,23215.0,Yes,No,89.9,13.2,Good,High,No,Yes,Medium,0,Synthetic
STU0635,18,Female,3,56.5,71.4,2,52.5,66.1,3.5,2.1,67014.0,No,No,39.8,3.3,Average,High,Yes,No,Medium,1,Synthetic
STU0636,20,Male,3,65.5,38.9,1,48.0,42.9,3.3,2.6,17841.0,Yes,No,71.7,27.2,Good,Low,No,No,High,1,Synthetic
STU0637,20,Male,4,76.4,75.7,1,74.1,83.3,1.0,3.5,49090.0,No,No,37.9,12.8,Good,Low,Yes,No,Low,0,Synthetic
STU0638,19,Male,3,79.2,60.3,1,59.7,64.8,3.5,3.2,86414.0,No,No,52.9,3.4,Poor,High,Yes,No,Low,0,Synthetic
STU0639,19,Other,4,63.3,94.9,1,36.1,68.6,2.5,3.0,31747.0,Yes,No,58.6,2.3,Good,High,No,No,Medium,0,Synthetic
STU0640,19,Female,3,100.0,57.2,0,71.5,63.5,0.2,1.8,38930.0,No,No,45.6,6.2,Poor,High,No,No,Low,0,Synthetic
STU0641,17,Female,2,97.7,44.4,0,69.2,76.8,2.1,0.3,,No,No,81.0,23.8,Poor,High,Yes,No,Medium,1,Synthetic
STU0642,19,Female,1,85.8,61.4,1,75.3,56.9,5.3,4.8,26413.0,,No,81.7,12.0,Good,Medium,No,No,Low,0,Synthetic
STU0643,18,Female,3,78.9,40.3,1,66.7,60.8,2.2,4.5,82895.0,No,Yes,59.5,4.8,Average,Medium,No,Yes,High,1,Synthetic
STU0644,19,Female,3,75.2,78.5,2,100.0,71.2,0.2,2.3,52827.0,No,Yes,35.6,4.5,Good,Medium,Yes,No,Low,0,Synthetic
STU0645,18,Male,1,65.6,39.1,2,87.3,70.3,4.0,4.3,44060.0,No,Yes,76.3,3.0,Average,Medium,No,No,High,0,Synthetic
STU0646,22,Female,2,79.0,68.4,1,69.0,72.9,1.4,3.2,12055.0,Yes,No,66.6,7.5,Average,High,No,No,Low,0,Synthetic
STU0647,20,Male,4,81.4,38.9,1,76.9,60.9,3.1,5.7,23601.0,No,Yes,90.2,5.8,Good,High,Yes,No,High,1,Synthetic
STU0648,21,Female,2,61.9,63.5,0,100.0,87.2,2.5,0.9,91085.0,No,No,46.1,3.3,Average,High,No,No,Low,0,Synthetic
STU0649,21,Female,2,82.3,91.0,0,95.2,82.3,5.4,3.2,43873.0,No,No,60.5,6.1,Average,High,Yes,No,Low,0,Synthetic
STU0650,20,Female,2,76.0,73.0,1,52.9,42.8,2.5,3.1,46990.0,No,Yes,56.3,3.8,Good,High,No,No,High,1,Synthetic
STU0651,18,Male,1,53.2,55.9,2,60.5,60.7,1.1,3.8,38442.0,No,No,59.5,6.3,Good,Medium,No,No,High,1,Synthetic
STU0652,20,Male,2,66.8,67.6,1,63.9,51.9,2.1,6.6,24983.0,No,Yes,56.9,15.9,Good,Medium,Yes,No,High,0,Synthetic
STU0653,20,Male,2,72.6,68.3,0,,63.5,1.0,3.3,42024.0,No,No,45.4,20.7,Good,Medium,No,No,Low,1,Synthetic
STU0654,21,Male,1,100.0,,3,67.3,76.8,2.5,5.0,15085.0,No,No,64.6,23.5,Poor,Medium,No,No,Medium,0,Synthetic
STU0655,19,Male,3,85.2,48.9,0,78.6,60.6,5.5,3.2,14474.0,No,No,83.5,17.9,Average,Medium,Yes,No,Low,0,Synthetic
STU0656,18,Female,2,60.6,76.3,0,91.2,72.1,4.7,5.6,23358.0,No,Yes,48.9,8.9,Good,Medium,No,No,Low,0,Synthetic
STU0657,19,Female,4,84.3,30.1,0,94.2,60.3,5.9,5.0,38902.0,No,No,75.5,20.4,Good,High,Yes,No,Low,0,Synthetic
STU0658,19,Male,4,57.9,59.2,0,72.1,64.6,3.5,2.8,14762.0,No,No,70.8,14.6,Good,Low,No,No,High,0,Synthetic
STU0659,21,Male,1,92.1,61.2,1,48.6,57.8,3.0,2.7,37533.0,No,No,69.4,60.0,Good,High,No,No,Medium,1,Synthetic
STU0660,20,Male,3,71.9,76.9,1,59.3,69.2,1.3,4.5,20254.0,Yes,No,76.9,7.6,Good,High,No,No,Medium,0,Synthetic
STU0661,19,Female,2,76.8,68.3,1,68.6,80.7,3.2,2.2,21812.0,Yes,Yes,77.4,2.7,Good,High,No,No,Medium,1,Synthetic
STU0662,24,Female,4,95.2,,0,55.6,73.5,2.6,3.9,71530.0,No,No,46.7,9.8,Good,Low,No,No,Low,0,Synthetic
STU0663,20,Female,1,61.3,54.2,0,98.5,71.5,4.0,2.8,35725.0,No,No,61.3,3.9,Poor,Low,No,No,Medium,1,Synthetic
STU0664,19,Female,3,59.8,70.8,2,56.8,54.1,1.1,4.2,21290.0,Yes,Yes,77.2,21.4,Average,Medium,No,No,High,1,Synthetic
STU0665,18,Other,3,70.4,66.9,0,89.1,77.2,2.9,3.2,38788.0,Yes,No,47.0,2.4,Average,Medium,No,No,Low,0,Synthetic
STU0666,18,Female,2,91.5,59.9,1,47.7,61.1,0.4,2.1,15597.0,No,No,54.4,3.7,Good,Medium,No,No,Medium,0,Synthetic
STU0667,19,Male,1,58.2,61.3,0,89.8,71.8,3.3,5.7,43191.0,No,No,52.1,7.9,Poor,Low,Yes,No,Medium,0,Synthetic
STU0668,18,Female,3,41.2,77.7,2,75.5,50.4,3.8,4.0,64352.0,No,No,52.7,13.8,Average,Medium,No,No,Medium,0,Synthetic
STU0669,18,Male,3,72.1,60.8,0,100.0,84.9,0.4,3.4,50365.0,No,No,77.9,7.0,Average,Low,No,No,Low,0,Synthetic
STU0670,19,Female,2,85.2,66.8,1,57.6,70.3,0.8,4.3,114674.0,No,No,29.7,18.4,Good,High,No,Yes,Low,0,Synthetic
STU0671,18,Male,3,93.6,98.4,0,67.8,100.0,0.9,0.2,12052.0,Yes,No,94.2,3.8,Good,High,No,No,Low,0,Synthetic
STU0672,22,Female,2,72.0,48.1,2,71.3,75.0,2.5,7.7,37532.0,Yes,Yes,66.2,4.8,Good,Low,Yes,No,High,1,Synthetic
STU0673,18,Female,3,72.7,42.1,2,75.3,69.0,0.7,3.5,16717.0,No,No,62.9,6.4,Good,High,No,No,High,1,Synthetic
STU0674,20,Female,1,93.0,79.0,1,71.8,80.4,4.9,0.0,31819.0,Yes,No,,7.0,Average,Low,Yes,No,Low,0,Synthetic
STU0675,19,Female,4,53.7,58.5,0,72.1,55.7,3.5,5.9,35030.0,No,No,58.1,8.8,Poor,Medium,No,No,High,1,Synthetic
STU0676,24,Male,2,72.9,63.5,1,71.8,77.2,3.7,2.0,122641.0,No,No,29.0,7.9,Good,Low,No,Yes,Low,0,Synthetic
STU0677,18,Male,2,80.5,57.1,0,40.7,57.7,0.4,5.6,33868.0,No,No,45.4,2.2,Good,High,No,No,Medium,0,Synthetic
STU0678,19,Male,1,83.8,64.4,0,95.9,91.6,4.7,3.7,33522.0,No,No,43.5,6.2,Average,Medium,No,No,Low,0,Synthetic
STU0679,23,Male,1,71.4,90.4,1,100.0,90.3,3.8,0.4,60836.0,Yes,No,57.3,1.9,Good,Medium,No,No,Low,0,Synthetic
STU0680,22,Female,2,78.4,79.2,2,83.4,83.7,1.8,4.0,33998.0,No,No,74.6,2.5,Average,Medium,No,No,Low,0,Synthetic
STU0681,22,Male,1,45.7,80.1,0,57.6,64.9,0.5,3.9,95821.0,Yes,No,60.0,7.7,Average,Medium,No,No,Low,0,Synthetic
STU0682,19,Female,4,69.4,48.2,0,59.4,52.2,2.7,5.8,50586.0,Yes,No,45.1,13.3,Good,Low,Yes,No,Medium,1,Synthetic
STU0683,18,Female,1,83.9,51.9,0,89.0,67.9,2.1,4.5,55203.0,No,Yes,70.5,12.1,Average,Medium,No,No,Low,0,Synthetic
STU0684,21,Female,2,65.2,28.3,0,84.9,52.6,2.2,1.0,12531.0,Yes,No,85.8,1.8,Good,High,No,Yes,High,1,Synthetic
STU0685,23,Male,2,78.8,56.7,3,72.9,78.5,1.7,5.5,104294.0,No,Yes,27.4,15.2,Average,Low,No,No,Medium,1,Synthetic
STU0686,20,Female,1,83.8,81.4,1,91.6,78.2,3.9,2.7,24393.0,No,No,81.9,15.5,Average,High,No,No,Low,0,Synthetic
STU0687,20,Female,1,73.5,75.2,0,40.9,,0.2,6.9,34813.0,Yes,No,72.4,6.4,Average,High,No,No,Medium,1,Synthetic
STU0688,19,Female,2,80.2,64.9,2,91.6,83.9,4.9,2.8,24443.0,Yes,No,78.9,7.6,Good,High,Yes,No,Low,0,Synthetic
STU0689,21,Female,2,65.5,67.7,0,82.3,70.0,4.3,22.0,19926.0,No,No,93.0,16.0,Good,Low,Yes,No,Medium,1,Synthetic
STU0690,18,Female,2,75.3,58.4,0,60.1,61.9,3.1,1.9,18068.0,No,No,81.0,21.2,Good,High,No,No,Medium,0,Synthetic
STU0691,19,Male,2,85.9,70.9,1,52.2,65.9,2.6,2.5,37045.0,No,No,34.5,13.1,Good,High,Yes,No,Low,0,Synthetic
STU0692,19,Female,3,80.0,78.7,1,80.2,61.1,4.4,2.0,11845.0,No,No,74.1,3.8,Average,Low,Yes,No,Low,0,Synthetic
STU0693,20,Male,1,70.4,45.4,0,100.0,65.5,2.7,5.9,30625.0,No,No,43.9,9.3,Good,Medium,No,No,Low,0,Synthetic
STU0694,19,Male,2,80.9,72.2,1,73.9,85.3,2.4,0.8,62622.0,No,No,51.8,9.4,Average,High,No,No,Low,0,Synthetic
STU0695,18,Male,4,87.3,81.1,0,62.7,72.5,4.5,5.1,49547.0,Yes,No,56.3,10.6,Good,Medium,No,No,Low,0,Synthetic
STU0696,20,Male,2,51.4,62.2,4,81.4,49.9,5.9,5.2,44398.0,No,No,50.2,2.7,Good,Low,Yes,No,High,1,Synthetic
STU0697,19,Male,3,93.1,77.8,2,100.0,82.9,1.3,6.3,21389.0,No,No,54.1,7.6,Average,High,No,No,Low,0,Synthetic
STU0698,20,Male,2,73.6,100.0,0,,88.7,3.4,3.6,,No,Yes,62.8,4.1,Good,Medium,No,No,Low,0,Synthetic
STU0699,18,Female,3,,66.5,0,87.7,82.6,10.0,1.4,62074.0,No,No,46.1,10.5,Average,Medium,No,Yes,Low,0,Synthetic
STU0700,20,Female,3,93.6,73.5,1,100.0,87.5,3.6,3.2,,No,No,62.5,2.9,Good,Medium,No,No,Low,0,Synthetic
STU0701,20,Female,2,60.2,57.7,1,86.5,63.1,1.6,4.7,33437.0,Yes,No,62.9,6.8,Poor,Medium,No,No,High,1,Synthetic
STU0702,18,Male,4,68.8,70.5,0,63.9,56.4,4.6,3.7,31396.0,No,No,69.5,4.4,Good,Medium,No,No,Low,0,Synthetic
STU0703,19,Male,1,74.2,74.4,1,46.6,67.5,2.6,4.2,50661.0,No,No,51.0,9.5,Average,High,No,No,Low,0,Synthetic
STU0704,18,Female,1,67.8,70.7,0,61.4,73.1,2.9,6.2,96464.0,No,Yes,51.8,11.2,Good,Medium,No,Yes,Low,0,Synthetic
STU0705,18,Male,3,100.0,53.7,0,58.1,81.8,5.2,4.7,78230.0,Yes,No,43.2,3.7,Good,High,Yes,No,Low,0,Synthetic
STU0706,24,Male,4,66.9,70.9,1,89.9,67.3,1.7,3.9,9705.0,No,No,82.2,5.4,Poor,Medium,Yes,No,Medium,0,Synthetic
STU0707,19,Female,1,70.8,88.5,2,92.4,94.6,3.8,0.0,29537.0,No,No,59.5,5.6,Average,High,No,No,Low,1,Synthetic
STU0708,22,Male,1,80.7,74.3,0,81.2,78.5,1.8,1.9,16687.0,No,No,100.0,11.7,Good,Medium,No,No,Low,0,Synthetic
STU0709,19,Female,1,62.4,81.5,0,55.2,65.8,4.6,2.7,58644.0,Yes,Yes,57.1,12.9,Good,High,No,No,Low,0,Synthetic
STU0710,21,Female,2,72.9,64.7,1,100.0,87.1,5.5,0.0,35077.0,No,No,80.6,3.5,Good,Medium,No,No,Low,0,Synthetic
STU0711,21,Male,3,82.1,78.5,0,70.5,72.6,2.4,1.3,48849.0,Yes,No,47.1,2.6,Good,High,Yes,No,Low,0,Synthetic
STU0712,20,Male,2,73.7,71.9,1,88.9,61.2,0.2,3.0,28179.0,No,No,58.4,2.2,Average,Medium,No,No,Low,0,Synthetic
STU0713,20,Female,2,76.8,54.7,0,78.9,76.5,1.8,3.3,19761.0,No,No,64.1,15.5,Good,Medium,Yes,No,Medium,0,Synthetic
STU0714,19,Male,2,71.1,72.5,0,81.8,78.1,6.4,4.5,21710.0,Yes,No,96.0,12.8,Good,Medium,No,No,Low,0,Synthetic
STU0715,19,Male,1,58.3,54.1,3,88.2,64.6,1.9,3.1,15062.0,No,No,66.4,7.8,Average,High,No,No,High,0,Synthetic
STU0716,23,Other,2,82.2,59.1,3,65.5,74.4,5.5,4.0,17468.0,No,No,58.1,17.9,,High,No,No,High,0,Synthetic
STU0717,22,Male,3,100.0,70.7,1,100.0,97.8,1.9,2.7,15557.0,No,Yes,84.4,5.1,Average,Medium,No,No,Low,0,Synthetic
STU0718,23,Female,4,78.2,72.2,0,49.6,54.3,1.9,3.6,19801.0,No,No,67.8,6.3,Poor,Low,No,No,High,0,Synthetic
STU0719,18,Other,4,80.9,51.4,1,59.3,64.7,4.0,4.4,19194.0,No,Yes,64.7,12.3,,,No,No,High,1,Synthetic
STU0720,21,Male,1,87.0,82.8,1,100.0,72.1,3.8,6.4,43471.0,No,No,50.3,3.2,Average,High,No,No,Low,0,Synthetic
STU0721,23,Male,4,61.5,76.0,2,88.6,74.3,4.1,2.5,42543.0,Yes,Yes,63.8,4.9,Good,High,No,No,Medium,0,Synthetic
STU0722,18,Male,3,100.0,58.1,0,100.0,84.4,2.8,3.8,43445.0,Yes,No,70.4,9.4,Good,Medium,No,No,Low,0,Synthetic
STU0723,18,Male,3,80.6,46.5,0,79.2,73.8,4.4,5.2,66793.0,No,Yes,57.7,10.0,Good,High,No,No,Low,0,Synthetic
STU0724,21,Male,2,99.2,66.0,1,100.0,80.9,4.2,0.6,33524.0,Yes,No,55.8,8.8,Good,Medium,No,No,Low,0,Synthetic
STU0725,20,Female,2,68.5,61.8,2,44.6,54.8,4.5,7.5,22780.0,No,No,54.0,3.2,Good,High,Yes,No,High,0,Synthetic
STU0726,22,Male,2,100.0,69.6,0,52.6,48.6,1.9,5.9,118110.0,Yes,No,0.0,14.7,Good,High,Yes,No,Low,0,Synthetic
STU0727,18,Female,1,88.1,62.9,0,94.1,87.1,4.4,0.1,57596.0,No,No,40.6,17.0,Average,High,No,No,Low,0,Synthetic
STU0728,21,Other,1,85.2,39.9,1,46.7,57.4,2.0,4.2,38058.0,No,No,55.3,7.1,Average,Medium,No,No,High,1,Synthetic
STU0729,18,Female,1,81.0,62.6,0,74.4,73.9,2.6,2.4,36632.0,No,No,59.6,7.2,Poor,Medium,No,No,Low,0,Synthetic
STU0730,18,Female,2,74.8,63.7,0,99.0,68.0,2.5,2.7,41045.0,No,No,55.3,18.1,Good,,No,No,Low,0,Synthetic
STU0731,18,Male,3,93.6,76.9,1,87.0,89.5,1.3,4.2,31318.0,No,No,96.1,1.6,Good,Low,Yes,No,Low,0,Synthetic
STU0732,22,Female,2,79.8,58.2,0,78.2,86.0,0.2,5.6,37557.0,No,No,65.9,7.1,Good,High,No,No,Low,0,Synthetic
STU0733,21,Female,1,52.4,91.5,3,69.9,68.8,4.6,2.6,46063.0,Yes,No,41.7,3.0,Good,Medium,No,No,Low,0,Synthetic
STU0734,20,Male,4,63.5,41.2,0,81.6,68.3,1.7,2.6,23471.0,No,No,73.5,16.7,Good,Medium,No,No,High,0,Synthetic
STU0735,19,Male,4,75.6,86.4,1,88.4,76.4,2.4,4.2,14248.0,No,No,74.0,11.9,Average,High,No,No,Low,0,Synthetic
STU0736,22,Female,3,82.0,64.9,2,66.1,70.7,1.7,4.6,11176.0,No,Yes,57.9,11.7,Good,Medium,Yes,No,High,1,Synthetic
STU0737,19,Male,4,77.3,80.0,2,84.7,68.4,2.4,1.5,57037.0,No,No,55.7,10.9,Good,Medium,Yes,No,Low,0,Synthetic
STU0738,22,Male,2,93.8,69.1,1,97.4,94.0,2.0,6.9,14654.0,Yes,No,75.5,18.4,Good,High,No,No,Low,1,Synthetic
STU0739,19,Male,4,52.6,84.0,0,74.0,,4.7,2.2,45209.0,Yes,Yes,69.2,6.8,Good,Medium,No,No,Low,0,Synthetic
STU0740,19,Male,1,79.9,62.6,0,79.2,,1.9,5.4,18550.0,No,No,46.3,11.3,Good,High,No,Yes,Low,0,Synthetic
STU0741,20,Female,2,54.4,52.6,2,86.7,58.8,5.4,4.4,18715.0,No,No,75.3,12.9,Good,Medium,No,No,High,0,Synthetic
STU0742,19,Female,1,87.9,87.9,0,87.9,88.4,4.5,4.7,23579.0,No,Yes,82.5,7.0,Average,High,Yes,No,Low,1,Synthetic
STU0743,21,Female,1,76.8,66.4,1,93.8,87.0,2.1,2.3,38944.0,No,No,82.1,9.0,Good,Medium,No,No,Low,0,Synthetic
STU0744,20,Male,1,83.5,71.1,1,59.7,83.3,3.3,0.1,17229.0,Yes,No,,5.5,Average,High,No,No,Low,0,Synthetic
STU0745,19,Male,3,66.8,85.3,0,68.5,71.9,3.6,3.5,24929.0,Yes,No,63.3,10.5,Good,High,No,No,Low,0,Synthetic
STU0746,22,Female,3,94.6,53.6,0,69.1,62.5,4.1,3.5,34508.0,No,No,60.6,8.3,Good,High,No,Yes,Low,0,Synthetic
STU0747,19,Male,3,,76.3,1,61.7,78.4,4.2,1.6,17988.0,Yes,No,75.9,9.5,Average,High,No,No,Low,0,Synthetic
STU0748,20,Male,1,85.6,59.7,1,45.6,78.1,3.1,5.3,76775.0,Yes,No,42.3,12.6,Good,Medium,No,No,Low,0,Synthetic
STU0749,22,Female,4,76.3,66.1,0,20.0,40.6,1.4,3.4,13571.0,No,No,61.0,18.7,Good,High,Yes,No,High,1,Synthetic
STU0750,20,Male,3,85.5,69.0,1,99.5,77.8,3.8,1.9,31042.0,No,No,65.2,9.3,Average,Medium,No,No,Low,0,Synthetic
STU0751,18,Female,2,68.8,47.0,1,50.0,60.6,2.4,4.7,70474.0,Yes,No,42.8,4.8,Good,High,No,No,Medium,1,Synthetic
STU0752,23,Male,3,89.1,57.1,0,100.0,84.5,0.2,4.7,16893.0,No,Yes,75.0,12.2,Good,Medium,No,No,Low,0,Synthetic
STU0753,20,Male,1,99.4,86.9,0,91.3,88.5,3.4,2.1,32952.0,No,No,52.1,0.9,Average,Medium,No,No,Low,0,Synthetic
STU0754,19,Male,2,91.9,80.4,1,70.7,82.8,1.7,6.0,37653.0,Yes,No,47.7,0.5,Average,Low,No,No,Low,1,Synthetic
STU0755,18,Female,4,68.5,67.1,2,89.1,83.1,2.1,8.0,22457.0,No,Yes,81.8,16.8,Good,Low,No,No,High,1,Synthetic
STU0756,21,Female,2,82.7,71.4,1,85.7,79.6,2.8,1.3,33540.0,No,No,88.9,2.7,Good,Low,No,No,Low,0,Synthetic
STU0757,20,Female,2,61.2,63.9,1,58.2,59.5,0.5,3.1,47662.0,No,Yes,77.8,3.8,Average,Medium,Yes,No,High,1,Synthetic
STU0758,20,Female,4,85.4,87.0,0,77.7,87.9,3.0,4.2,27070.0,No,No,63.3,5.3,Good,High,Yes,No,Low,0,Synthetic
STU0759,22,Male,3,83.9,65.2,0,60.4,67.9,2.3,8.1,53289.0,No,No,66.3,13.6,Good,Medium,Yes,No,Low,0,Synthetic
STU0760,21,Female,1,53.7,71.2,0,89.8,80.7,1.5,2.0,43439.0,Yes,No,49.4,1.8,Good,Low,No,No,Low,0,Synthetic
STU0761,18,Male,1,62.9,84.0,0,65.1,86.2,2.9,1.6,25400.0,Yes,Yes,70.9,2.8,Poor,High,Yes,No,Medium,0,Synthetic
STU0762,19,Female,1,74.3,57.1,0,76.3,,0.3,1.6,65069.0,Yes,No,42.0,17.0,Good,Medium,No,No,Low,0,Synthetic
STU0763,19,Male,3,74.1,89.8,1,75.5,69.3,2.9,5.9,,No,Yes,80.8,6.6,Average,High,Yes,No,Medium,0,Synthetic
STU0764,21,Female,2,62.3,46.6,0,80.2,66.8,3.5,2.1,56041.0,Yes,No,66.1,9.2,Good,Medium,No,No,Low,0,Synthetic
STU0765,17,Male,1,83.1,90.8,0,100.0,81.0,3.3,1.8,23516.0,No,No,90.5,22.3,Good,Medium,No,No,Low,0,Synthetic
STU0766,20,Male,4,81.3,62.8,2,73.7,62.7,4.0,4.0,29415.0,Yes,No,60.5,6.8,Average,Medium,No,No,Low,0,Synthetic
STU0767,21,Female,2,75.5,64.6,0,99.9,64.4,4.5,4.1,32005.0,No,No,81.1,6.5,Poor,Medium,Yes,No,Low,1,Synthetic
STU0768,22,Male,1,68.2,41.5,1,86.6,63.6,2.7,5.6,42164.0,Yes,No,64.2,9.4,Good,Low,Yes,No,Medium,0,Synthetic
STU0769,19,Male,2,91.6,61.6,0,100.0,85.3,4.4,3.7,9281.0,No,Yes,72.2,14.3,Good,Medium,No,No,Low,0,Synthetic
STU0770,22,Male,3,99.5,53.4,0,71.9,71.9,2.7,4.0,45027.0,Yes,No,61.0,6.9,Poor,Medium,No,No,Low,0,Synthetic
STU0771,18,Male,1,71.7,59.5,0,90.5,85.7,1.8,3.3,33082.0,Yes,No,82.1,14.2,Average,High,No,No,Low,0,Synthetic
STU0772,22,Female,1,70.0,66.1,0,76.9,81.8,2.2,0.9,40956.0,No,No,57.0,7.9,Good,High,No,No,Low,0,Synthetic
STU0773,18,Female,4,84.4,81.4,2,24.2,77.9,3.2,3.1,46142.0,No,Yes,55.6,0.5,Good,Medium,Yes,No,Medium,1,Synthetic
STU0774,19,Female,2,73.3,70.9,1,58.4,67.7,4.4,3.6,43464.0,Yes,No,32.8,3.0,Average,High,Yes,No,Low,0,Synthetic
STU0775,21,Female,2,76.2,72.3,0,88.5,88.8,2.8,2.6,11603.0,Yes,No,68.6,5.3,Average,High,No,No,Low,0,Synthetic
STU0776,18,Male,2,87.6,52.7,1,87.3,79.5,1.8,0.4,19527.0,No,No,70.4,1.3,Poor,Medium,No,Yes,Medium,0,Synthetic
STU0777,19,Female,1,53.2,55.7,0,54.7,56.1,5.0,1.2,42031.0,No,No,49.0,10.3,Good,Medium,Yes,No,Medium,1,Synthetic
STU0778,21,Male,1,95.1,93.2,0,82.0,86.2,0.6,3.4,39063.0,No,No,47.3,4.3,Good,Medium,No,No,Low,0,Synthetic
STU0779,21,Male,2,78.9,57.7,2,87.1,57.3,1.8,5.4,,No,Yes,43.7,4.3,Average,High,No,Yes,High,1,Synthetic
STU0780,21,Female,1,72.7,91.2,0,77.4,85.0,4.1,6.9,52512.0,Yes,Yes,47.0,5.4,Good,High,No,No,Low,0,Synthetic
STU0781,21,Male,1,76.8,64.6,0,91.1,87.4,5.4,3.1,30396.0,No,No,79.9,1.8,Good,Medium,Yes,No,Low,0,Synthetic
STU0782,20,Female,4,77.5,68.0,0,88.7,66.4,3.5,2.1,56968.0,No,No,34.4,10.9,Good,High,Yes,No,Low,1,Synthetic
STU0783,19,Male,4,55.5,83.0,0,77.4,71.3,3.2,2.8,68092.0,No,No,57.2,16.6,Good,High,No,No,Low,0,Synthetic
STU0784,19,Female,3,97.4,85.8,2,68.8,91.8,2.4,1.4,40789.0,Yes,No,69.2,9.3,,High,Yes,No,Low,0,Synthetic
STU0785,18,Female,4,78.5,66.4,1,96.8,78.4,3.6,5.1,47508.0,No,No,85.4,15.4,Average,High,Yes,No,Low,0,Synthetic
STU0786,22,Female,1,83.8,62.6,0,86.3,87.9,3.0,7.8,25046.0,Yes,No,77.4,1.3,Average,High,No,No,Low,0,Synthetic
STU0787,20,Female,4,90.4,67.2,3,53.1,69.3,1.7,2.1,57172.0,No,No,63.6,11.8,Good,High,Yes,No,Medium,0,Synthetic
STU0788,19,Female,1,64.7,72.7,1,82.0,69.0,2.3,1.1,39461.0,No,No,63.6,11.6,Good,High,No,No,Low,0,Synthetic
STU0789,20,Male,4,84.2,80.5,0,57.3,83.7,1.5,5.5,29763.0,No,No,,11.2,Good,Medium,No,No,Low,0,Synthetic
STU0790,23,Female,4,74.5,68.1,0,60.6,60.2,2.8,4.1,17904.0,No,No,78.1,10.6,Average,High,No,No,Medium,1,Synthetic
STU0791,18,Male,3,89.0,76.7,1,66.3,71.6,3.0,4.2,26799.0,No,Yes,79.3,9.4,Good,High,Yes,No,Low,0,Synthetic
STU0792,20,Female,4,50.3,90.9,1,78.8,65.3,5.3,6.7,19013.0,No,No,69.4,24.3,,Low,No,No,Medium,1,Synthetic
STU0793,20,Female,3,76.7,73.3,0,84.7,69.3,1.9,0.8,53206.0,No,No,69.2,2.2,Good,Medium,No,No,Low,0,Synthetic
STU0794,20,Female,1,70.2,72.4,0,70.6,72.2,2.5,0.7,68483.0,Yes,No,82.2,21.4,Good,High,No,No,Low,0,Synthetic
STU0795,17,Male,2,83.6,46.7,1,71.4,64.2,4.7,3.2,57934.0,Yes,No,52.7,12.2,Average,Low,Yes,No,Low,0,Synthetic
STU0796,22,Male,3,84.1,31.2,1,68.9,66.8,5.5,3.6,137367.0,No,No,21.2,7.5,Good,High,Yes,No,Low,1,Synthetic
STU0797,23,Female,1,68.8,,2,96.9,66.1,3.5,2.8,27170.0,Yes,Yes,63.0,10.0,Good,High,No,No,Medium,0,Synthetic
STU0798,20,Male,3,68.7,66.7,0,,44.4,2.4,8.4,48592.0,No,Yes,57.2,1.8,Good,,No,No,High,1,Synthetic
STU0799,21,Male,4,76.6,60.8,2,72.4,70.8,2.1,2.9,18276.0,No,No,82.4,5.1,Good,Low,No,No,High,0,Synthetic
STU0800,23,Male,1,66.3,71.4,0,100.0,91.4,0.2,2.4,31402.0,No,No,63.5,10.2,Good,Medium,No,No,Low,0,Synthetic
STU0801,21,Female,3,88.9,67.2,1,87.3,84.9,1.4,3.7,15531.0,No,No,71.1,15.9,Good,Medium,No,No,Low,0,Synthetic
STU0802,18,Female,4,73.2,83.8,1,100.0,81.0,3.0,5.4,47840.0,No,Yes,52.9,7.4,Average,Medium,No,No,Low,0,Synthetic
STU0803,20,Male,4,40.2,69.2,0,41.4,,2.5,2.0,28784.0,No,No,69.4,4.0,Average,High,No,Yes,High,1,Synthetic
STU0804,20,Male,4,73.1,57.5,1,55.6,57.1,3.7,3.2,11306.0,No,No,64.4,5.8,Average,High,No,No,High,1,Synthetic
STU0805,19,Male,2,64.5,81.9,0,87.3,77.4,2.5,5.5,24013.0,Yes,No,50.7,5.3,Good,Medium,Yes,No,Low,0,Synthetic
STU0806,21,Female,4,56.8,65.0,1,,55.5,1.7,5.6,93837.0,No,No,42.8,5.3,Average,Low,No,No,Low,0,Synthetic
STU0807,23,Female,3,61.9,75.4,3,57.5,54.7,3.3,3.9,43864.0,Yes,Yes,81.2,1.5,Good,High,No,Yes,High,1,Synthetic
STU0808,23,Male,1,79.4,61.3,0,71.0,65.1,8.5,8.3,53429.0,No,No,50.1,19.0,Good,Medium,No,No,Low,0,Synthetic
STU0809,20,Male,2,95.3,58.9,2,85.2,78.8,2.3,7.5,,No,No,47.5,13.2,Good,High,No,No,Low,1,Synthetic
STU0810,18,Male,3,82.1,69.2,1,51.9,67.2,3.0,0.7,31674.0,No,No,85.3,12.8,Poor,Medium,No,No,Medium,0,Synthetic
STU0811,24,Female,1,70.1,68.2,0,87.4,70.7,4.1,0.1,35301.0,No,No,61.4,9.2,Good,Medium,Yes,No,Low,0,Synthetic
STU0812,22,Female,3,83.9,74.7,1,29.8,66.3,1.9,5.1,40058.0,No,Yes,70.3,8.1,Poor,Medium,Yes,No,High,1,Synthetic
STU0813,18,Male,3,,64.2,0,86.9,75.9,4.7,6.2,19148.0,No,No,58.6,14.6,Good,High,No,No,Low,0,Synthetic
STU0814,23,Male,1,69.0,42.3,1,60.1,54.9,0.4,3.1,53252.0,Yes,No,53.8,11.0,Good,High,Yes,No,Medium,0,Synthetic
STU0815,22,Male,3,63.0,61.9,0,69.9,70.2,2.2,2.5,64868.0,No,Yes,65.9,6.8,Good,Medium,No,No,Medium,0,Synthetic
STU0816,20,Female,3,55.2,79.1,0,89.7,78.9,2.3,1.9,31413.0,No,No,64.0,24.1,Average,High,Yes,No,Low,0,Synthetic
STU0817,20,Male,2,72.9,63.8,2,86.1,63.2,3.0,1.2,26250.0,Yes,No,66.2,13.1,Good,High,Yes,No,Medium,1,Synthetic
STU0818,19,Female,1,80.1,64.6,1,77.9,74.4,0.2,5.8,23273.0,No,No,47.8,7.8,Average,Medium,Yes,No,Low,0,Synthetic
STU0819,18,Female,1,76.7,81.8,1,95.4,91.9,4.8,2.7,92104.0,Yes,No,47.6,7.6,Average,Medium,No,No,Low,0,Synthetic
STU0820,19,Male,2,72.6,58.0,0,47.4,67.9,3.4,4.1,27292.0,No,No,54.7,0.8,Average,High,No,No,Low,0,Synthetic
STU0821,22,Male,4,,46.4,2,81.7,68.5,4.5,0.0,50133.0,Yes,No,68.4,3.5,Good,Medium,Yes,No,Medium,0,Synthetic
STU0822,17,Male,1,85.9,65.8,0,,70.3,5.2,5.5,31535.0,Yes,No,64.8,1.6,Poor,Low,Yes,No,Low,0,Synthetic
STU0823,19,Female,3,60.9,61.2,1,94.5,76.1,1.7,4.7,30611.0,No,No,66.3,5.0,Average,High,No,No,Medium,0,Synthetic
STU0824,19,Female,1,88.1,54.5,0,90.4,85.3,0.2,0.8,22983.0,Yes,Yes,75.1,10.2,Good,Medium,No,No,Low,0,Synthetic
STU0825,20,Female,2,65.0,65.5,0,91.0,75.2,4.5,4.0,20526.0,Yes,No,71.3,4.5,Average,High,No,No,Low,1,Synthetic
STU0826,23,Female,4,68.2,74.9,0,100.0,83.2,2.4,3.5,52578.0,No,No,74.6,5.5,Good,High,No,No,Low,0,Synthetic
STU0827,19,Male,3,58.9,67.9,1,98.3,73.4,1.1,2.6,,No,No,85.6,7.2,Good,High,No,Yes,Medium,0,Synthetic
STU0828,19,Female,1,71.5,72.3,0,75.2,62.3,3.7,0.0,45138.0,No,No,42.3,21.7,Good,High,No,No,Low,0,Synthetic
STU0829,21,Female,2,90.7,93.4,1,78.0,85.7,6.5,2.2,36788.0,No,No,58.2,2.5,Good,Medium,Yes,No,Low,0,Synthetic
STU0830,20,Male,1,84.7,63.2,0,88.8,74.3,2.6,4.1,52947.0,No,Yes,63.9,3.5,Good,High,No,No,Low,1,Synthetic
STU0831,19,Female,2,90.7,71.9,0,80.5,76.1,4.2,2.4,25025.0,No,No,53.7,17.2,Good,Medium,No,No,Low,0,Synthetic
STU0832,20,Female,3,84.8,60.9,0,90.7,91.2,1.3,3.1,63398.0,Yes,No,30.8,6.1,Average,High,No,No,Low,0,Synthetic
STU0833,18,Female,1,63.7,56.2,1,37.9,60.0,0.3,6.5,32385.0,Yes,No,52.9,4.7,Poor,High,Yes,No,High,1,Synthetic
STU0834,18,Female,2,73.7,59.8,3,100.0,65.2,4.2,3.3,145588.0,No,Yes,15.4,1.2,Poor,Medium,No,No,Low,0,Synthetic
STU0835,20,Female,2,67.9,61.3,1,79.1,61.2,3.6,0.0,14405.0,,Yes,20.5,9.8,Good,Medium,No,No,Medium,1,Synthetic
STU0836,19,Female,4,95.3,73.0,1,48.8,69.4,2.1,3.1,133121.0,Yes,No,8.4,3.4,Average,Medium,No,Yes,Low,0,Synthetic
STU0837,23,Male,4,62.4,100.0,0,61.6,68.3,5.4,3.7,32650.0,No,No,40.6,8.6,Good,Medium,Yes,No,Low,0,Synthetic
STU0838,19,Male,1,89.6,58.0,1,39.7,65.2,0.2,1.8,39563.0,No,No,72.9,12.9,Average,High,Yes,No,Medium,0,Synthetic
STU0839,20,Female,3,89.6,62.2,1,58.4,60.5,1.0,5.0,25103.0,No,No,76.1,7.4,Good,Medium,No,No,Medium,0,Synthetic
STU0840,20,Male,2,100.0,,0,75.4,89.2,2.0,0.6,14768.0,No,No,72.4,16.9,Good,High,No,No,Low,0,Synthetic
STU0841,17,Male,2,72.7,73.5,1,100.0,82.1,2.3,3.2,26173.0,Yes,No,65.7,6.2,Average,Medium,No,No,Low,1,Synthetic
STU0842,21,Male,3,87.3,71.7,0,85.4,79.2,5.0,0.6,28623.0,No,No,70.1,6.3,,Low,No,No,Low,0,Synthetic
STU0843,18,Male,4,100.0,86.0,1,,89.5,2.9,2.9,38702.0,Yes,Yes,47.5,17.7,Good,High,Yes,No,Low,0,Synthetic
STU0844,23,Female,4,70.0,34.0,1,57.6,51.5,2.5,4.9,64843.0,No,No,64.1,14.5,Average,High,No,No,High,1,Synthetic
STU0845,18,Female,3,58.0,34.6,1,63.2,36.6,0.9,3.2,38871.0,No,Yes,60.6,7.3,Good,Medium,Yes,No,High,1,Synthetic
STU0846,19,Male,2,53.6,61.1,1,64.6,59.8,4.4,3.1,39245.0,No,No,70.3,17.7,Good,Medium,Yes,No,High,1,Synthetic
STU0847,18,Male,3,87.3,83.4,1,65.3,75.9,1.1,3.6,43239.0,Yes,No,68.2,8.6,Good,High,Yes,No,Low,0,Synthetic
STU0848,24,Male,1,53.5,46.1,0,71.7,50.0,0.9,3.7,13332.0,No,No,76.1,5.2,Good,Low,Yes,No,High,1,Synthetic
STU0849,20,Female,3,73.2,25.9,1,73.0,67.7,2.2,4.9,14027.0,No,No,73.1,17.0,,Medium,Yes,No,High,1,Synthetic
STU0850,20,Female,2,83.7,76.0,2,71.9,82.6,3.0,4.9,15364.0,No,Yes,71.7,3.9,Average,High,No,No,Medium,1,Synthetic
STU0851,18,Male,3,80.4,71.4,1,65.9,92.1,1.7,6.3,28504.0,No,No,62.8,2.3,Good,High,No,No,Low,0,Synthetic
STU0852,21,Female,1,83.5,52.7,1,80.4,79.9,3.9,3.8,12502.0,Yes,No,75.8,21.9,Average,Medium,No,No,Low,0,Synthetic
STU0853,18,Female,1,80.9,54.2,3,72.3,64.7,2.4,0.2,23950.0,No,No,67.9,3.4,Good,High,Yes,No,High,0,Synthetic
STU0854,22,Female,4,94.6,54.4,2,49.3,59.4,4.4,5.2,16491.0,No,No,62.6,12.1,Good,High,Yes,No,Medium,0,Synthetic
STU0855,18,Female,1,65.6,69.5,1,78.6,67.4,3.6,6.2,45768.0,No,Yes,64.0,23.5,Average,Medium,No,No,Medium,0,Synthetic
STU0856,18,Male,2,69.2,59.2,1,75.9,63.2,5.5,8.4,44525.0,Yes,Yes,60.6,4.8,Average,Medium,No,No,Medium,0,Synthetic
STU0857,17,Female,1,68.0,74.9,0,,64.5,2.1,6.4,29666.0,Yes,No,77.7,7.0,Average,Medium,Yes,No,Low,0,Synthetic
STU0858,20,Male,1,88.8,28.0,0,67.4,50.8,4.1,2.5,12309.0,No,No,48.4,52.0,Poor,High,Yes,No,Medium,1,Synthetic
STU0859,20,Female,1,89.7,56.0,0,88.7,84.4,0.2,3.9,30720.0,No,No,63.1,11.3,Good,Medium,No,No,Low,0,Synthetic
STU0860,18,Female,1,83.9,52.2,1,57.5,65.9,7.1,3.0,41934.0,Yes,No,,20.5,Good,Low,No,No,Low,0,Synthetic
STU0861,21,Female,4,93.4,64.4,1,55.6,75.7,4.0,2.7,54666.0,Yes,No,46.9,2.9,Average,High,No,No,Low,0,Synthetic
STU0862,20,Female,2,62.7,60.5,1,72.2,56.2,2.4,3.3,91810.0,No,No,45.0,13.3,Good,Medium,No,No,Low,0,Synthetic
STU0863,20,Male,4,99.7,79.2,1,89.2,91.8,2.4,6.1,64749.0,Yes,No,31.9,5.4,Good,Low,No,No,Low,0,Synthetic
STU0864,20,Female,3,97.8,42.0,0,,92.2,2.4,0.3,38320.0,No,Yes,61.3,16.1,Good,Medium,No,No,Low,0,Synthetic
STU0865,19,Other,2,87.6,68.6,1,89.9,75.8,5.6,1.5,29918.0,No,No,63.4,9.8,Average,Medium,Yes,No,Low,0,Synthetic
STU0866,20,Female,3,100.0,75.8,1,97.5,84.8,4.1,5.9,23260.0,No,Yes,53.1,3.5,Good,High,No,No,Low,0,Synthetic
STU0867,18,Male,2,56.5,94.0,0,84.2,83.1,2.1,6.4,73771.0,No,No,47.4,8.5,Good,,No,No,Low,0,Synthetic
STU0868,18,Male,3,71.2,61.3,1,65.7,58.6,0.9,2.2,38358.0,No,Yes,50.5,2.0,Good,Medium,No,No,Medium,1,Synthetic
STU0869,22,Male,2,68.4,72.5,0,89.7,75.2,4.6,6.8,49509.0,Yes,No,81.6,12.8,Average,Medium,No,No,Low,0,Synthetic
STU0870,23,Female,2,,42.7,0,76.5,82.0,4.1,5.5,25298.0,No,Yes,79.3,2.9,Good,Low,No,No,Medium,1,Synthetic
STU0871,19,Female,4,64.3,34.5,0,84.8,55.5,3.9,3.0,17687.0,Yes,Yes,68.7,9.4,Good,High,No,No,High,1,Synthetic
STU0872,19,Male,4,87.8,79.8,2,61.0,,2.7,0.0,28083.0,No,No,58.6,13.1,Average,High,No,No,Low,1,Synthetic
STU0873,21,Female,4,95.8,67.9,0,86.4,81.5,2.4,0.2,29629.0,No,No,69.2,6.7,Poor,High,Yes,No,Low,1,Synthetic
STU0874,19,Female,2,87.0,84.5,2,75.8,73.4,5.3,2.2,38893.0,No,No,68.7,8.1,Average,Medium,No,No,Low,0,Synthetic
STU0875,17,Female,3,81.7,48.8,0,82.2,76.8,5.5,5.0,23330.0,No,No,68.7,13.7,Average,High,No,No,Low,0,Synthetic
STU0876,18,Female,2,65.2,75.3,1,76.5,73.0,3.8,5.0,35484.0,No,Yes,48.6,9.8,Good,Medium,Yes,No,Low,0,Synthetic
STU0877,21,Female,2,67.0,94.2,0,73.0,77.4,4.3,2.6,66892.0,No,No,45.7,6.3,Good,High,No,No,Low,0,Synthetic
STU0878,21,Female,1,94.2,73.9,2,86.7,79.3,3.2,3.0,13946.0,No,Yes,70.4,3.8,Good,Medium,Yes,No,Low,1,Synthetic
STU0879,17,Male,3,88.1,71.9,0,70.7,78.0,0.7,3.4,10925.0,No,No,74.1,16.0,Average,High,No,No,Low,0,Synthetic
STU0880,19,Female,1,77.5,68.1,0,49.4,48.3,1.3,3.1,69450.0,No,No,51.0,8.0,Good,Low,Yes,No,Low,1,Synthetic
STU0881,19,Female,2,72.6,46.0,0,44.3,56.5,4.5,3.8,15648.0,No,Yes,77.5,4.3,Average,Medium,No,No,High,1,Synthetic
STU0882,21,Female,4,51.7,87.0,1,81.3,83.0,4.7,3.4,28398.0,Yes,No,79.7,2.0,Poor,Low,Yes,No,Medium,0,Synthetic
STU0883,17,Female,1,64.1,59.4,2,70.0,,4.4,0.2,48911.0,Yes,No,67.6,8.1,Good,Medium,No,No,Medium,0,Synthetic
STU0884,18,Female,1,100.0,75.1,0,46.9,70.7,3.3,3.1,33878.0,Yes,No,68.5,6.5,Good,High,Yes,No,Low,0,Synthetic
STU0885,21,Male,1,61.4,46.1,2,79.9,56.3,4.4,3.5,,Yes,No,46.5,3.9,Good,High,Yes,No,Medium,0,Synthetic
STU0886,18,Male,4,80.5,51.5,0,76.3,58.2,2.7,5.5,36422.0,No,No,74.7,9.9,Good,Low,No,No,Medium,0,Synthetic
STU0887,21,Male,2,91.1,88.1,1,69.0,66.0,3.7,1.8,139860.0,No,Yes,28.9,3.9,Good,Medium,No,No,Low,0,Synthetic
STU0888,19,Male,2,61.7,63.1,1,82.4,59.9,2.5,3.9,93195.0,No,No,34.7,18.5,Average,High,Yes,No,Low,0,Synthetic
STU0889,18,Female,4,80.4,88.3,2,100.0,87.7,1.2,4.6,23898.0,No,No,65.8,5.3,Good,Medium,Yes,No,Low,0,Synthetic
STU0890,19,Other,4,90.2,66.9,1,100.0,95.8,4.1,3.2,62386.0,No,No,50.8,2.0,Good,High,No,No,Low,0,Synthetic
STU0891,21,Male,2,78.2,42.2,0,80.6,56.1,4.7,0.0,46218.0,No,No,51.3,8.6,Good,High,Yes,No,Low,0,Synthetic
STU0892,22,Male,3,100.0,80.5,0,76.5,88.3,6.5,5.5,34626.0,No,No,40.2,13.5,Poor,High,No,No,Low,0,Synthetic
STU0893,22,Female,3,56.3,59.7,1,80.8,67.7,3.2,5.0,21243.0,No,No,53.1,3.1,Average,Medium,No,No,Medium,0,Synthetic
STU0894,19,Male,3,91.8,77.8,1,83.6,98.1,1.2,4.0,44862.0,No,No,46.2,11.5,Poor,High,Yes,No,Low,0,Synthetic
STU0895,21,Female,1,75.8,68.4,0,73.2,77.2,2.3,3.6,29578.0,No,No,39.6,12.5,Poor,High,No,No,Low,0,Synthetic
STU0896,18,Female,4,88.0,46.4,1,81.1,78.1,2.6,0.0,28406.0,No,No,50.3,8.0,Good,High,No,Yes,Low,0,Synthetic
STU0897,19,Female,2,83.7,70.3,2,49.7,73.4,3.0,5.0,22953.0,No,No,79.5,20.0,Good,High,Yes,No,Medium,1,Synthetic
STU0898,22,Male,2,68.5,98.7,0,79.5,74.0,3.5,6.5,60658.0,Yes,No,56.6,4.0,Good,Medium,No,No,Low,0,Synthetic
STU0899,17,Male,2,81.0,74.9,1,86.6,76.5,3.3,1.3,22945.0,No,No,54.2,3.2,Good,High,No,Yes,Low,0,Synthetic
STU0900,18,Female,1,53.8,67.2,1,69.2,72.1,4.0,6.2,23022.0,No,No,57.5,4.9,Average,High,No,Yes,High,0,Synthetic
STU0901,18,Female,1,85.8,83.1,3,76.3,65.3,3.1,5.8,53689.0,No,No,68.3,5.9,Good,Low,No,No,Low,0,Synthetic
STU0902,17,Male,3,81.9,70.9,0,58.0,64.8,0.2,1.2,32329.0,No,No,76.5,5.5,Good,High,Yes,No,Low,0,Synthetic
STU0903,18,Female,1,86.3,70.9,2,55.5,60.3,3.1,2.7,32811.0,Yes,No,62.7,3.7,Average,High,Yes,No,Low,0,Synthetic
STU0904,20,Male,2,91.8,52.7,2,81.8,78.4,2.9,0.7,61771.0,No,No,64.4,5.3,Average,Medium,Yes,No,Low,0,Synthetic
STU0905,19,Female,2,82.8,71.3,1,64.9,69.7,3.6,3.4,72088.0,No,No,37.0,7.3,Average,Medium,Yes,No,Low,0,Synthetic
STU0906,22,Male,1,79.9,82.5,1,46.0,73.8,2.3,4.4,10859.0,No,No,73.4,11.9,Good,Medium,Yes,No,Medium,1,Synthetic
STU0907,22,Female,4,66.5,56.3,1,58.0,59.6,3.1,0.9,32607.0,No,No,44.3,8.7,Average,High,No,No,Medium,0,Synthetic
STU0908,19,Male,1,68.7,87.9,0,60.6,59.3,3.6,4.3,16114.0,Yes,No,64.2,12.0,Good,Low,Yes,No,Low,0,Synthetic
STU0909,19,Male,2,93.4,66.7,1,,72.9,2.6,4.8,28293.0,Yes,No,64.0,4.6,Good,Medium,No,No,Low,0,Synthetic
STU0910,19,Male,2,96.7,55.6,1,81.2,78.9,3.8,4.8,34871.0,No,No,40.8,7.1,Average,Medium,No,No,Low,0,Synthetic
STU0911,20,Male,1,74.9,82.0,1,62.3,66.5,2.9,4.4,28794.0,Yes,Yes,70.6,5.6,Poor,High,Yes,No,Medium,1,Synthetic
STU0912,19,Female,1,78.6,64.0,0,67.4,66.0,3.0,1.0,19914.0,No,No,76.2,2.5,Good,High,Yes,No,Low,0,Synthetic
STU0913,20,Other,3,66.2,78.6,0,100.0,89.3,0.2,3.3,19366.0,No,No,79.4,1.0,Good,Medium,Yes,No,Low,0,Synthetic
STU0914,19,Male,4,93.2,63.9,1,94.8,91.0,1.1,4.2,52233.0,Yes,No,82.1,4.4,Good,Low,Yes,No,Low,1,Synthetic
STU0915,20,Male,1,86.7,67.2,0,57.9,85.2,1.1,6.4,81410.0,No,No,47.4,10.9,Good,Medium,No,No,Low,0,Synthetic
STU0916,19,Female,3,100.0,74.9,1,98.9,89.6,3.1,3.5,11269.0,No,No,69.7,8.5,Average,High,No,No,Low,0,Synthetic
STU0917,19,Female,3,66.6,72.1,2,76.5,66.6,4.7,4.4,29229.0,Yes,Yes,44.1,7.6,Good,High,Yes,No,Medium,0,Synthetic
STU0918,23,Female,4,73.1,40.1,0,92.4,73.3,2.6,1.6,52349.0,Yes,No,58.8,16.0,Average,Medium,No,No,Low,0,Synthetic
STU0919,21,Male,2,81.0,52.3,1,75.1,65.8,4.1,1.2,34378.0,No,Yes,68.0,3.9,Average,Medium,Yes,No,Medium,0,Synthetic
STU0920,18,Male,2,86.4,81.0,0,99.3,85.1,3.8,0.9,,No,No,51.1,9.1,Good,High,No,No,Low,0,Synthetic
STU0921,22,Female,2,75.2,66.2,2,57.1,64.5,3.0,2.7,26912.0,No,No,61.4,5.5,Good,High,No,No,Medium,1,Synthetic
STU0922,20,Male,3,66.7,60.7,2,73.4,80.5,3.7,7.6,41328.0,No,No,58.6,9.4,Good,High,No,No,Medium,0,Synthetic
STU0923,22,Female,4,89.5,49.0,1,99.9,86.6,3.2,2.7,,No,No,69.5,13.1,Good,Medium,Yes,No,Low,0,Synthetic
STU0924,21,Male,1,87.4,52.9,1,34.9,65.1,2.6,4.2,34088.0,No,No,71.6,2.5,Good,Medium,Yes,No,Medium,1,Synthetic
STU0925,19,Female,2,,,1,77.2,74.9,3.4,4.6,34633.0,No,No,54.7,11.2,Good,Medium,No,No,Medium,0,Synthetic
STU0926,17,Male,4,95.6,66.6,1,70.9,85.5,5.0,1.3,26232.0,No,No,66.9,8.7,Average,Medium,No,No,Low,0,Synthetic
STU0927,19,Female,4,93.2,59.6,0,90.3,73.1,3.5,2.6,54842.0,Yes,No,59.9,5.0,Good,High,No,No,Low,0,Synthetic
STU0928,20,Female,4,79.7,54.5,3,97.3,85.4,3.1,4.7,26916.0,No,No,62.1,0.9,Average,Medium,Yes,No,Medium,0,Synthetic
STU0929,20,Female,3,79.0,67.0,0,91.1,87.7,1.5,4.4,20133.0,No,No,61.9,7.5,Good,Low,No,No,Low,0,Synthetic
STU0930,19,Male,2,85.2,,1,82.3,85.8,4.9,0.0,119301.0,No,Yes,35.8,29.2,Average,Low,No,Yes,Low,0,Synthetic
STU0931,18,Female,3,66.8,97.3,1,78.7,78.6,0.7,4.7,33534.0,No,Yes,59.5,1.9,Poor,Low,No,No,High,0,Synthetic
STU0932,22,Female,3,78.4,46.8,0,71.8,71.0,0.2,2.4,8375.0,Yes,Yes,57.3,2.4,Good,High,Yes,No,High,0,Synthetic
STU0933,24,Female,1,50.0,84.2,0,81.8,71.2,3.4,2.5,69788.0,No,No,63.6,8.8,Average,Medium,No,No,Low,1,Synthetic
STU0934,20,Female,2,89.4,81.6,0,100.0,82.9,1.5,4.3,69664.0,No,No,34.1,2.4,Average,Low,Yes,No,Low,0,Synthetic
STU0935,18,Female,3,,57.1,1,63.1,53.6,4.4,6.5,45006.0,No,No,55.9,12.0,Average,,No,No,Medium,1,Synthetic
STU0936,19,Female,1,97.5,70.8,0,70.8,85.8,0.3,3.1,49538.0,No,No,59.0,8.4,Average,High,Yes,No,Low,0,Synthetic
STU0937,17,Male,3,73.7,61.6,0,76.6,63.8,4.2,5.9,114802.0,No,No,34.5,3.2,Good,Low,No,No,Low,0,Synthetic
STU0938,23,Female,3,75.2,70.6,1,96.0,74.6,4.0,0.6,20611.0,No,No,68.8,3.9,Good,Medium,No,No,Low,0,Synthetic
STU0939,18,Female,4,69.8,89.1,1,82.0,85.9,3.0,3.8,37661.0,No,No,24.6,2.0,Good,High,Yes,Yes,Low,0,Synthetic
STU0940,20,Male,1,74.3,76.5,4,95.7,,0.2,2.4,103408.0,Yes,No,25.2,14.0,Good,High,No,No,Low,0,Synthetic
STU0941,19,Male,1,96.4,75.1,0,96.6,94.7,0.2,4.1,116188.0,No,No,32.1,14.1,Poor,Medium,Yes,Yes,Low,0,Synthetic
STU0942,20,Male,3,45.7,62.0,0,88.7,55.8,3.2,2.9,28617.0,No,No,62.2,15.7,Average,High,No,No,Medium,0,Synthetic
STU0943,21,Female,2,94.6,47.2,3,58.8,72.2,2.5,0.8,105734.0,No,Yes,38.8,4.6,Good,High,Yes,No,Medium,0,Synthetic
STU0944,22,Female,3,82.4,65.1,1,100.0,78.1,3.9,1.7,54423.0,Yes,No,65.5,3.6,Average,Medium,Yes,No,Low,0,Synthetic
STU0945,18,Female,3,62.3,84.9,0,100.0,74.1,2.7,0.2,79656.0,No,No,49.2,7.7,Average,Medium,No,No,Low,0,Synthetic
STU0946,17,Female,1,64.0,46.6,0,79.1,60.0,2.6,0.9,53450.0,Yes,No,44.9,12.9,Good,Medium,Yes,No,Low,0,Synthetic
STU0947,18,Male,2,99.8,53.2,0,53.1,80.4,0.2,4.5,41403.0,No,No,52.0,3.5,Good,High,No,No,Low,1,Synthetic
STU0948,22,Male,2,65.7,69.8,1,49.9,58.5,4.0,3.0,117980.0,Yes,No,47.4,3.1,Good,Medium,No,No,Low,0,Synthetic
STU0949,22,Male,2,63.0,54.2,1,82.6,84.8,1.8,4.0,26170.0,No,Yes,62.4,11.7,Average,High,No,No,High,1,Synthetic
STU0950,20,Male,4,92.8,56.9,2,65.4,55.9,2.2,7.1,99644.0,No,No,34.0,2.5,Average,High,No,No,Low,1,Synthetic
STU0951,20,Male,4,82.4,62.1,2,47.1,51.6,1.2,2.9,108715.0,No,Yes,37.6,8.8,Good,High,Yes,No,Medium,0,Synthetic
STU0952,21,Male,3,65.8,48.9,1,49.6,65.7,0.5,4.8,74071.0,No,No,60.2,6.0,Good,Medium,No,No,High,1,Synthetic
STU0953,18,Female,3,80.8,54.4,0,69.5,81.5,5.0,3.6,33646.0,No,No,50.7,4.5,Average,High,Yes,No,Low,0,Synthetic
STU0954,23,Female,2,64.7,77.8,2,81.5,67.6,4.0,9.0,40036.0,Yes,Yes,53.0,6.5,Poor,High,No,No,Medium,0,Synthetic
STU0955,19,Other,4,92.3,49.7,3,100.0,82.8,4.0,0.0,17361.0,No,No,48.8,6.3,Average,High,No,No,Low,0,Synthetic
STU0956,19,Female,3,91.8,45.6,1,86.7,81.9,2.5,2.1,27288.0,Yes,No,60.5,9.4,Average,Medium,No,No,Low,0,Synthetic
STU0957,20,Female,3,84.9,59.2,1,71.1,70.5,0.2,4.8,49242.0,Yes,No,62.1,9.8,Good,Low,Yes,No,Low,0,Synthetic
STU0958,18,Male,4,82.7,78.2,0,84.8,83.3,6.0,2.0,15969.0,Yes,No,64.2,0.6,Good,Low,No,No,Low,0,Synthetic
STU0959,18,Female,1,100.0,65.2,1,83.2,83.8,3.4,4.6,29710.0,No,No,84.2,16.8,Good,High,No,No,Low,0,Synthetic
STU0960,21,Female,4,78.0,61.5,0,91.3,65.9,3.0,3.4,102003.0,No,No,35.6,8.4,Average,High,No,No,Low,0,Synthetic
STU0961,18,Male,1,62.6,68.6,0,77.3,66.8,2.3,5.2,32151.0,No,No,60.9,11.5,Good,High,Yes,No,Low,0,Synthetic
STU0962,20,Male,2,83.8,43.6,1,96.7,76.4,0.2,1.2,61796.0,No,No,46.1,11.0,Average,Medium,No,No,Low,0,Synthetic
STU0963,19,Female,2,100.0,74.9,1,92.8,90.8,4.5,3.8,47795.0,Yes,Yes,,16.0,Good,High,Yes,No,Low,0,Synthetic
STU0964,19,Male,4,64.8,73.4,0,,58.7,1.2,4.4,29551.0,No,Yes,62.1,14.2,Average,High,No,No,Medium,0,Synthetic
STU0965,19,Female,4,73.3,62.3,0,75.9,76.9,3.6,3.8,32139.0,Yes,No,66.4,13.7,Good,Medium,No,No,Low,1,Synthetic
STU0966,19,Female,3,83.4,82.1,1,94.6,,4.0,3.8,38364.0,No,No,58.2,2.8,Good,High,Yes,Yes,Low,0,Synthetic
STU0967,21,Male,3,77.3,52.2,0,65.2,57.1,3.3,5.9,11328.0,Yes,No,73.2,10.4,Average,High,Yes,No,Medium,0,Synthetic
STU0968,19,Male,3,65.2,83.8,2,50.9,80.2,3.5,0.1,58920.0,,No,43.4,1.0,Good,High,No,No,Low,0,Synthetic
STU0969,20,Male,4,92.6,70.2,0,50.8,68.5,4.8,3.7,32794.0,No,Yes,46.9,13.2,Poor,High,No,Yes,Medium,0,Synthetic
STU0970,20,Male,2,100.0,63.3,1,63.7,74.0,1.6,1.1,60064.0,No,No,49.7,5.6,Good,Medium,Yes,No,Low,1,Synthetic
STU0971,21,Male,2,80.5,67.7,0,89.9,85.1,3.0,5.0,43331.0,No,No,60.3,7.2,Good,Low,No,No,Low,0,Synthetic
STU0972,23,Female,1,66.2,66.5,2,70.4,82.8,2.5,1.8,32007.0,No,Yes,60.2,9.0,Average,High,No,No,High,1,Synthetic
STU0973,21,Male,3,57.9,85.1,0,81.7,79.8,0.2,0.0,39017.0,Yes,No,61.8,12.4,Average,High,No,No,Low,0,Synthetic
STU0974,18,Female,3,81.4,52.9,0,69.1,75.2,3.2,5.1,,No,No,68.7,17.1,Good,Low,Yes,No,Medium,0,Synthetic
STU0975,17,Male,2,92.4,57.3,1,69.2,65.7,4.7,3.0,78827.0,No,Yes,52.7,17.1,Poor,Low,Yes,No,Medium,0,Synthetic
STU0976,19,Female,1,84.2,82.5,1,59.5,75.7,4.9,4.2,36227.0,Yes,No,70.8,2.0,Good,High,No,No,Low,0,Synthetic
STU0977,20,Male,4,78.0,59.7,0,76.3,67.7,5.6,6.4,41011.0,Yes,No,70.7,7.5,Good,Medium,No,No,Low,0,Synthetic
STU0978,18,Male,1,70.3,80.6,3,74.8,80.6,0.2,4.2,17484.0,Yes,No,74.0,2.5,Good,High,No,No,Medium,1,Synthetic
STU0979,20,Female,3,63.8,91.8,0,85.4,86.1,5.2,3.8,34106.0,No,No,65.6,3.9,Good,Medium,No,No,Low,0,Synthetic
STU0980,20,Female,4,88.9,62.4,1,83.2,92.0,3.1,3.4,77884.0,Yes,No,67.2,17.5,Good,Low,No,No,Low,0,Synthetic
STU0981,19,Male,2,89.9,77.5,1,74.5,63.5,5.2,1.2,44310.0,No,No,66.7,20.8,Good,Medium,Yes,No,Low,0,Synthetic
STU0982,21,Female,1,57.9,51.8,1,50.9,,2.2,3.1,19313.0,No,No,57.1,10.3,Good,Medium,No,No,High,1,Synthetic
STU0983,18,Male,3,98.7,78.6,1,97.3,100.0,2.0,7.4,20486.0,Yes,Yes,,8.7,Average,,No,Yes,Low,0,Synthetic
STU0984,18,Female,4,85.5,70.8,0,76.5,66.7,1.0,2.7,23278.0,No,No,62.8,10.4,Good,Medium,No,No,Low,0,Synthetic
STU0985,21,Male,2,96.2,74.6,0,79.4,90.3,4.0,3.2,60652.0,No,Yes,58.2,16.6,Poor,Medium,No,No,Low,0,Synthetic
STU0986,20,Male,4,60.6,59.0,1,100.0,83.0,3.6,6.0,56681.0,No,Yes,63.8,10.3,Average,Medium,No,No,Medium,0,Synthetic
STU0987,21,Female,1,60.2,44.7,2,94.3,67.3,1.1,0.4,8000.0,No,No,56.8,2.7,Good,High,No,Yes,High,1,Synthetic
STU0988,19,Female,2,76.1,75.0,1,86.0,67.9,0.2,4.7,33468.0,No,No,70.4,6.8,Good,Medium,Yes,No,Low,0,Synthetic
STU0989,19,Male,3,84.5,39.1,2,78.0,67.6,3.4,0.3,37961.0,No,Yes,73.4,6.2,Good,Medium,No,No,High,1,Synthetic
STU0990,22,Female,4,100.0,63.6,0,77.8,93.0,3.6,4.3,20618.0,Yes,No,74.1,3.3,,High,No,No,Low,0,Synthetic
STU0991,21,Female,1,,81.2,0,82.3,96.0,1.3,3.5,28236.0,Yes,No,68.7,12.4,Good,High,No,No,Low,0,Synthetic
STU0992,21,Male,4,74.8,70.7,1,85.3,78.9,1.0,4.7,72777.0,,Yes,44.3,16.4,Good,High,No,No,Low,0,Synthetic
STU0993,19,Female,3,64.7,95.3,1,100.0,78.4,3.8,16.0,43825.0,Yes,No,51.9,4.9,Poor,Medium,No,No,Low,0,Synthetic
STU0994,20,Male,2,94.0,82.4,1,100.0,100.0,5.6,2.4,26591.0,No,Yes,73.8,2.1,Average,Medium,No,No,Low,0,Synthetic
STU0995,19,Female,1,65.5,58.8,1,83.2,,2.1,4.8,31574.0,Yes,No,69.4,4.7,Good,,No,No,Low,0,Synthetic
STU0996,18,Female,4,99.2,68.4,1,39.2,61.7,1.5,2.5,30877.0,No,Yes,58.7,7.9,Good,High,No,No,Medium,0,Synthetic
STU0997,23,Female,1,74.3,67.3,0,60.9,70.3,3.2,5.0,40871.0,Yes,No,89.2,8.0,Average,Low,No,No,Low,0,Synthetic
STU0998,18,Male,2,,45.8,0,100.0,85.7,3.8,3.9,15943.0,No,Yes,50.5,10.1,Average,Medium,No,No,Low,0,Synthetic
STU0999,23,Male,2,,54.8,1,90.9,73.5,2.3,2.6,24215.0,No,No,62.5,11.5,Good,High,No,No,Low,0,Synthetic
STU1000,20,Male,4,76.2,60.1,1,85.7,77.5,5.8,2.9,61856.0,Yes,No,41.0,16.8,Good,High,No,No,Low,0,Synthetic
